    1C
    1UUSER                                                              
    1UDATE              18.august.2026                                  
    1UTIME              15:35:36                                        
    1UHOST                                                              
    1UPGM               CalculiX                                        
    1UVERSION           Version 2.22                             
    1UCOMPILETIME       Mon Aug  5 19:15:25 CEST 2024                    
    1UDIR                                                               
    1UDBN                                                               
    1UMAT    1MATERIALSOLID                                             
    2C                           888                                     1
 -1         1-1.00000E+02 1.50000E+01-5.00000E+00
 -1         2-1.00000E+02 1.50000E+01 5.00000E+00
 -1         3-1.00000E+02-1.50000E+01-5.00000E+00
 -1         4-1.00000E+02-1.50000E+01 5.00000E+00
 -1         5-1.00000E+02-1.00000E+01-2.00000E+00
 -1         6-1.00000E+02 1.00000E+01-2.00000E+00
 -1         7-1.00000E+02 1.00000E+01 2.00000E+00
 -1         8-1.00000E+02-1.00000E+01 2.00000E+00
 -1         9 1.00000E+02 1.50000E+01-5.00000E+00
 -1        10 1.00000E+02 1.50000E+01 5.00000E+00
 -1        11 1.00000E+02-1.50000E+01-5.00000E+00
 -1        12 1.00000E+02-1.50000E+01 5.00000E+00
 -1        13 1.00000E+02-1.00000E+01-2.00000E+00
 -1        14 1.00000E+02 1.00000E+01-2.00000E+00
 -1        15 1.00000E+02 1.00000E+01 2.00000E+00
 -1        16 1.00000E+02-1.00000E+01 2.00000E+00
 -1        17-1.00000E+02 1.50000E+01 0.00000E+00
 -1        18-1.00000E+02-1.95399E-14-5.00000E+00
 -1        19-1.00000E+02 7.50000E+00-5.00000E+00
 -1        20-1.00000E+02-7.50000E+00-5.00000E+00
 -1        21-1.00000E+02-1.95399E-14 5.00000E+00
 -1        22-1.00000E+02 7.50000E+00 5.00000E+00
 -1        23-1.00000E+02-7.50000E+00 5.00000E+00
 -1        24-1.00000E+02-1.50000E+01 0.00000E+00
 -1        25-1.00000E+02 0.00000E+00-2.00000E+00
 -1        26-1.00000E+02 1.00000E+01 0.00000E+00
 -1        27-1.00000E+02 0.00000E+00 2.00000E+00
 -1        28-1.00000E+02-1.00000E+01 0.00000E+00
 -1        29 1.00000E+02 1.50000E+01 0.00000E+00
 -1        30 8.00000E+01 1.50000E+01-5.00000E+00
 -1        31 6.00000E+01 1.50000E+01-5.00000E+00
 -1        32 4.00000E+01 1.50000E+01-5.00000E+00
 -1        33 2.00000E+01 1.50000E+01-5.00000E+00
 -1        34 4.26326E-14 1.50000E+01-5.00000E+00
 -1        35-2.00000E+01 1.50000E+01-5.00000E+00
 -1        36-4.00000E+01 1.50000E+01-5.00000E+00
 -1        37-6.00000E+01 1.50000E+01-5.00000E+00
 -1        38-8.00000E+01 1.50000E+01-5.00000E+00
 -1        39 9.00000E+01 1.50000E+01-5.00000E+00
 -1        40 7.00000E+01 1.50000E+01-5.00000E+00
 -1        41 5.00000E+01 1.50000E+01-5.00000E+00
 -1        42 3.00000E+01 1.50000E+01-5.00000E+00
 -1        43 1.00000E+01 1.50000E+01-5.00000E+00
 -1        44-1.00000E+01 1.50000E+01-5.00000E+00
 -1        45-3.00000E+01 1.50000E+01-5.00000E+00
 -1        46-5.00000E+01 1.50000E+01-5.00000E+00
 -1        47-7.00000E+01 1.50000E+01-5.00000E+00
 -1        48-9.00000E+01 1.50000E+01-5.00000E+00
 -1        49 8.00000E+01 1.50000E+01 5.00000E+00
 -1        50 6.00000E+01 1.50000E+01 5.00000E+00
 -1        51 4.00000E+01 1.50000E+01 5.00000E+00
 -1        52 2.00000E+01 1.50000E+01 5.00000E+00
 -1        53 4.26326E-14 1.50000E+01 5.00000E+00
 -1        54-2.00000E+01 1.50000E+01 5.00000E+00
 -1        55-4.00000E+01 1.50000E+01 5.00000E+00
 -1        56-6.00000E+01 1.50000E+01 5.00000E+00
 -1        57-8.00000E+01 1.50000E+01 5.00000E+00
 -1        58 9.00000E+01 1.50000E+01 5.00000E+00
 -1        59 7.00000E+01 1.50000E+01 5.00000E+00
 -1        60 5.00000E+01 1.50000E+01 5.00000E+00
 -1        61 3.00000E+01 1.50000E+01 5.00000E+00
 -1        62 1.00000E+01 1.50000E+01 5.00000E+00
 -1        63-1.00000E+01 1.50000E+01 5.00000E+00
 -1        64-3.00000E+01 1.50000E+01 5.00000E+00
 -1        65-5.00000E+01 1.50000E+01 5.00000E+00
 -1        66-7.00000E+01 1.50000E+01 5.00000E+00
 -1        67-9.00000E+01 1.50000E+01 5.00000E+00
 -1        68-8.00000E+01-1.50000E+01-5.00000E+00
 -1        69-6.00000E+01-1.50000E+01-5.00000E+00
 -1        70-4.00000E+01-1.50000E+01-5.00000E+00
 -1        71-2.00000E+01-1.50000E+01-5.00000E+00
 -1        72-4.26326E-14-1.50000E+01-5.00000E+00
 -1        73 2.00000E+01-1.50000E+01-5.00000E+00
 -1        74 4.00000E+01-1.50000E+01-5.00000E+00
 -1        75 6.00000E+01-1.50000E+01-5.00000E+00
 -1        76 8.00000E+01-1.50000E+01-5.00000E+00
 -1        77-9.00000E+01-1.50000E+01-5.00000E+00
 -1        78-7.00000E+01-1.50000E+01-5.00000E+00
 -1        79-5.00000E+01-1.50000E+01-5.00000E+00
 -1        80-3.00000E+01-1.50000E+01-5.00000E+00
 -1        81-1.00000E+01-1.50000E+01-5.00000E+00
 -1        82 1.00000E+01-1.50000E+01-5.00000E+00
 -1        83 3.00000E+01-1.50000E+01-5.00000E+00
 -1        84 5.00000E+01-1.50000E+01-5.00000E+00
 -1        85 7.00000E+01-1.50000E+01-5.00000E+00
 -1        86 9.00000E+01-1.50000E+01-5.00000E+00
 -1        87 1.00000E+02 1.95399E-14-5.00000E+00
 -1        88 1.00000E+02-7.50000E+00-5.00000E+00
 -1        89 1.00000E+02 7.50000E+00-5.00000E+00
 -1        90-8.00000E+01-1.50000E+01 5.00000E+00
 -1        91-6.00000E+01-1.50000E+01 5.00000E+00
 -1        92-4.00000E+01-1.50000E+01 5.00000E+00
 -1        93-2.00000E+01-1.50000E+01 5.00000E+00
 -1        94-4.26326E-14-1.50000E+01 5.00000E+00
 -1        95 2.00000E+01-1.50000E+01 5.00000E+00
 -1        96 4.00000E+01-1.50000E+01 5.00000E+00
 -1        97 6.00000E+01-1.50000E+01 5.00000E+00
 -1        98 8.00000E+01-1.50000E+01 5.00000E+00
 -1        99-9.00000E+01-1.50000E+01 5.00000E+00
 -1       100-7.00000E+01-1.50000E+01 5.00000E+00
 -1       101-5.00000E+01-1.50000E+01 5.00000E+00
 -1       102-3.00000E+01-1.50000E+01 5.00000E+00
 -1       103-1.00000E+01-1.50000E+01 5.00000E+00
 -1       104 1.00000E+01-1.50000E+01 5.00000E+00
 -1       105 3.00000E+01-1.50000E+01 5.00000E+00
 -1       106 5.00000E+01-1.50000E+01 5.00000E+00
 -1       107 7.00000E+01-1.50000E+01 5.00000E+00
 -1       108 9.00000E+01-1.50000E+01 5.00000E+00
 -1       109 1.00000E+02 1.95399E-14 5.00000E+00
 -1       110 1.00000E+02-7.50000E+00 5.00000E+00
 -1       111 1.00000E+02 7.50000E+00 5.00000E+00
 -1       112 1.00000E+02-1.50000E+01 0.00000E+00
 -1       113-8.00000E+01-1.00000E+01-2.00000E+00
 -1       114-6.00000E+01-1.00000E+01-2.00000E+00
 -1       115-4.00000E+01-1.00000E+01-2.00000E+00
 -1       116-2.00000E+01-1.00000E+01-2.00000E+00
 -1       117-3.57492E-14-1.00000E+01-2.00000E+00
 -1       118 2.00000E+01-1.00000E+01-2.00000E+00
 -1       119 4.00000E+01-1.00000E+01-2.00000E+00
 -1       120 6.00000E+01-1.00000E+01-2.00000E+00
 -1       121 8.00000E+01-1.00000E+01-2.00000E+00
 -1       122-9.00000E+01-1.00000E+01-2.00000E+00
 -1       123-7.00000E+01-1.00000E+01-2.00000E+00
 -1       124-5.00000E+01-1.00000E+01-2.00000E+00
 -1       125-3.00000E+01-1.00000E+01-2.00000E+00
 -1       126-1.00000E+01-1.00000E+01-2.00000E+00
 -1       127 1.00000E+01-1.00000E+01-2.00000E+00
 -1       128 3.00000E+01-1.00000E+01-2.00000E+00
 -1       129 5.00000E+01-1.00000E+01-2.00000E+00
 -1       130 7.00000E+01-1.00000E+01-2.00000E+00
 -1       131 9.00000E+01-1.00000E+01-2.00000E+00
 -1       132 1.00000E+02 0.00000E+00-2.00000E+00
 -1       133 8.00000E+01 1.00000E+01-2.00000E+00
 -1       134 6.00000E+01 1.00000E+01-2.00000E+00
 -1       135 4.00000E+01 1.00000E+01-2.00000E+00
 -1       136 2.00000E+01 1.00000E+01-2.00000E+00
 -1       137 3.57492E-14 1.00000E+01-2.00000E+00
 -1       138-2.00000E+01 1.00000E+01-2.00000E+00
 -1       139-4.00000E+01 1.00000E+01-2.00000E+00
 -1       140-6.00000E+01 1.00000E+01-2.00000E+00
 -1       141-8.00000E+01 1.00000E+01-2.00000E+00
 -1       142 9.00000E+01 1.00000E+01-2.00000E+00
 -1       143 7.00000E+01 1.00000E+01-2.00000E+00
 -1       144 5.00000E+01 1.00000E+01-2.00000E+00
 -1       145 3.00000E+01 1.00000E+01-2.00000E+00
 -1       146 1.00000E+01 1.00000E+01-2.00000E+00
 -1       147-1.00000E+01 1.00000E+01-2.00000E+00
 -1       148-3.00000E+01 1.00000E+01-2.00000E+00
 -1       149-5.00000E+01 1.00000E+01-2.00000E+00
 -1       150-7.00000E+01 1.00000E+01-2.00000E+00
 -1       151-9.00000E+01 1.00000E+01-2.00000E+00
 -1       152 1.00000E+02 1.00000E+01 0.00000E+00
 -1       153 8.00000E+01 1.00000E+01 2.00000E+00
 -1       154 6.00000E+01 1.00000E+01 2.00000E+00
 -1       155 4.00000E+01 1.00000E+01 2.00000E+00
 -1       156 2.00000E+01 1.00000E+01 2.00000E+00
 -1       157 3.57492E-14 1.00000E+01 2.00000E+00
 -1       158-2.00000E+01 1.00000E+01 2.00000E+00
 -1       159-4.00000E+01 1.00000E+01 2.00000E+00
 -1       160-6.00000E+01 1.00000E+01 2.00000E+00
 -1       161-8.00000E+01 1.00000E+01 2.00000E+00
 -1       162 9.00000E+01 1.00000E+01 2.00000E+00
 -1       163 7.00000E+01 1.00000E+01 2.00000E+00
 -1       164 5.00000E+01 1.00000E+01 2.00000E+00
 -1       165 3.00000E+01 1.00000E+01 2.00000E+00
 -1       166 1.00000E+01 1.00000E+01 2.00000E+00
 -1       167-1.00000E+01 1.00000E+01 2.00000E+00
 -1       168-3.00000E+01 1.00000E+01 2.00000E+00
 -1       169-5.00000E+01 1.00000E+01 2.00000E+00
 -1       170-7.00000E+01 1.00000E+01 2.00000E+00
 -1       171-9.00000E+01 1.00000E+01 2.00000E+00
 -1       172 1.00000E+02 0.00000E+00 2.00000E+00
 -1       173-8.00000E+01-1.00000E+01 2.00000E+00
 -1       174-6.00000E+01-1.00000E+01 2.00000E+00
 -1       175-4.00000E+01-1.00000E+01 2.00000E+00
 -1       176-2.00000E+01-1.00000E+01 2.00000E+00
 -1       177-3.57492E-14-1.00000E+01 2.00000E+00
 -1       178 2.00000E+01-1.00000E+01 2.00000E+00
 -1       179 4.00000E+01-1.00000E+01 2.00000E+00
 -1       180 6.00000E+01-1.00000E+01 2.00000E+00
 -1       181 8.00000E+01-1.00000E+01 2.00000E+00
 -1       182-9.00000E+01-1.00000E+01 2.00000E+00
 -1       183-7.00000E+01-1.00000E+01 2.00000E+00
 -1       184-5.00000E+01-1.00000E+01 2.00000E+00
 -1       185-3.00000E+01-1.00000E+01 2.00000E+00
 -1       186-1.00000E+01-1.00000E+01 2.00000E+00
 -1       187 1.00000E+01-1.00000E+01 2.00000E+00
 -1       188 3.00000E+01-1.00000E+01 2.00000E+00
 -1       189 5.00000E+01-1.00000E+01 2.00000E+00
 -1       190 7.00000E+01-1.00000E+01 2.00000E+00
 -1       191 9.00000E+01-1.00000E+01 2.00000E+00
 -1       192 1.00000E+02-1.00000E+01 0.00000E+00
 -1       193-1.00000E+02 1.25000E+01-3.50000E+00
 -1       194-1.00000E+02 1.25000E+01 1.50000E+00
 -1       195-1.00000E+02 5.00000E+00-3.50000E+00
 -1       196-1.00000E+02 1.25000E+01 3.50000E+00
 -1       197-1.00000E+02 5.00000E+00 3.50000E+00
 -1       198-1.00000E+02-1.25000E+01 1.50000E+00
 -1       199-1.00000E+02-1.25000E+01-3.50000E+00
 -1       200-1.00000E+02-5.00000E+00-3.50000E+00
 -1       201-1.00000E+02-1.25000E+01 3.50000E+00
 -1       202-1.00000E+02-5.00000E+00 3.50000E+00
 -1       203 9.00000E+01 1.50000E+01 0.00000E+00
 -1       204 3.00000E+01 1.50000E+01 0.00000E+00
 -1       205 5.00000E+01 1.50000E+01 0.00000E+00
 -1       206 7.00000E+01 1.50000E+01 0.00000E+00
 -1       207-9.00000E+01 1.50000E+01 0.00000E+00
 -1       208-7.00000E+01 1.50000E+01 0.00000E+00
 -1       209-1.00000E+01 1.50000E+01 0.00000E+00
 -1       210-3.00000E+01 1.50000E+01-8.88178E-16
 -1       211-5.00000E+01 1.50000E+01 0.00000E+00
 -1       212 1.00000E+01 1.50000E+01 0.00000E+00
 -1       213-9.50000E+01 1.50000E+01 2.50000E+00
 -1       214-9.50000E+01 1.50000E+01-2.50000E+00
 -1       215-8.50000E+01 1.50000E+01-2.50000E+00
 -1       216-8.50000E+01 1.50000E+01 2.50000E+00
 -1       217 9.50000E+01 1.50000E+01-2.50000E+00
 -1       218 9.50000E+01 1.50000E+01 2.50000E+00
 -1       219 8.50000E+01 1.50000E+01-2.50000E+00
 -1       220 8.50000E+01 1.50000E+01 2.50000E+00
 -1       221 6.50000E+01 1.50000E+01-2.50000E+00
 -1       222 7.50000E+01 1.50000E+01-2.50000E+00
 -1       223 8.00000E+01 1.50000E+01 0.00000E+00
 -1       224 7.50000E+01 1.50000E+01 2.50000E+00
 -1       225 4.50000E+01 1.50000E+01-2.50000E+00
 -1       226 5.50000E+01 1.50000E+01-2.50000E+00
 -1       227 6.00000E+01 1.50000E+01 0.00000E+00
 -1       228 5.50000E+01 1.50000E+01 2.50000E+00
 -1       229 6.50000E+01 1.50000E+01 2.50000E+00
 -1       230 2.50000E+01 1.50000E+01-2.50000E+00
 -1       231 3.50000E+01 1.50000E+01-2.50000E+00
 -1       232 4.00000E+01 1.50000E+01 0.00000E+00
 -1       233 3.50000E+01 1.50000E+01 2.50000E+00
 -1       234 4.50000E+01 1.50000E+01 2.50000E+00
 -1       235 5.00000E+00 1.50000E+01-2.50000E+00
 -1       236 1.50000E+01 1.50000E+01-2.50000E+00
 -1       237 2.00000E+01 1.50000E+01 0.00000E+00
 -1       238 2.50000E+01 1.50000E+01 2.50000E+00
 -1       239 1.50000E+01 1.50000E+01 2.50000E+00
 -1       240-1.50000E+01 1.50000E+01-2.50000E+00
 -1       241-5.00000E+00 1.50000E+01-2.50000E+00
 -1       242 4.26326E-14 1.50000E+01 0.00000E+00
 -1       243-5.00000E+00 1.50000E+01 2.50000E+00
 -1       244 5.00000E+00 1.50000E+01 2.50000E+00
 -1       245-3.50000E+01 1.50000E+01-2.50000E+00
 -1       246-2.50000E+01 1.50000E+01-2.50000E+00
 -1       247-2.00000E+01 1.50000E+01 0.00000E+00
 -1       248-1.50000E+01 1.50000E+01 2.50000E+00
 -1       249-2.50000E+01 1.50000E+01 2.50000E+00
 -1       250-5.50000E+01 1.50000E+01-2.50000E+00
 -1       251-4.50000E+01 1.50000E+01-2.50000E+00
 -1       252-4.00000E+01 1.50000E+01 0.00000E+00
 -1       253-3.50000E+01 1.50000E+01 2.50000E+00
 -1       254-4.50000E+01 1.50000E+01 2.50000E+00
 -1       255-7.50000E+01 1.50000E+01-2.50000E+00
 -1       256-6.50000E+01 1.50000E+01-2.50000E+00
 -1       257-6.00000E+01 1.50000E+01 0.00000E+00
 -1       258-6.50000E+01 1.50000E+01 2.50000E+00
 -1       259-5.50000E+01 1.50000E+01 2.50000E+00
 -1       260-8.00000E+01 1.50000E+01 0.00000E+00
 -1       261-7.50000E+01 1.50000E+01 2.50000E+00
 -1       262 1.00000E+01 9.90812E-16-5.00000E+00
 -1       263 3.00000E+01-1.09509E-14-5.00000E+00
 -1       264-1.00000E+01 4.70471E-15-5.00000E+00
 -1       265-3.00000E+01 1.12449E-14-5.00000E+00
 -1       266 5.00000E+01-2.06072E-14-5.00000E+00
 -1       267-5.00000E+01 1.79798E-14-5.00000E+00
 -1       268 6.95748E+01 7.08617E-02-5.00000E+00
 -1       269-6.95748E+01-7.08617E-02-5.00000E+00
 -1       270-8.50000E+01-8.33333E-01-5.00000E+00
 -1       271 8.50000E+01 8.33333E-01-5.00000E+00
 -1       272-9.25000E+01 7.08333E+00-5.00000E+00
 -1       273-9.25000E+01-4.16667E-01-5.00000E+00
 -1       274-8.25000E+01 7.08333E+00-5.00000E+00
 -1       275-9.25000E+01-7.91667E+00-5.00000E+00
 -1       276-8.25000E+01-7.91667E+00-5.00000E+00
 -1       277 9.25000E+01 7.91667E+00-5.00000E+00
 -1       278 8.25000E+01 7.91667E+00-5.00000E+00
 -1       279 9.25000E+01 4.16667E-01-5.00000E+00
 -1       280 8.25000E+01-7.08333E+00-5.00000E+00
 -1       281 9.25000E+01-7.08333E+00-5.00000E+00
 -1       282 7.47874E+01 7.53543E+00-5.00000E+00
 -1       283 6.47874E+01 7.53543E+00-5.00000E+00
 -1       284 7.72874E+01 4.52098E-01-5.00000E+00
 -1       285 5.50000E+01 7.50000E+00-5.00000E+00
 -1       286 4.50000E+01 7.50000E+00-5.00000E+00
 -1       287 5.97874E+01 3.54308E-02-5.00000E+00
 -1       288 3.50000E+01 7.50000E+00-5.00000E+00
 -1       289 2.50000E+01 7.50000E+00-5.00000E+00
 -1       290 4.00000E+01-1.57790E-14-5.00000E+00
 -1       291 1.50000E+01 7.50000E+00-5.00000E+00
 -1       292 5.00000E+00 7.50000E+00-5.00000E+00
 -1       293 2.00000E+01-4.98005E-15-5.00000E+00
 -1       294-5.00000E+00 7.50000E+00-5.00000E+00
 -1       295-1.50000E+01 7.50000E+00-5.00000E+00
 -1       296 3.55271E-15 2.84776E-15-5.00000E+00
 -1       297-2.50000E+01 7.50000E+00-5.00000E+00
 -1       298-3.50000E+01 7.50000E+00-5.00000E+00
 -1       299-2.00000E+01 7.97480E-15-5.00000E+00
 -1       300-4.50000E+01 7.50000E+00-5.00000E+00
 -1       301-5.50000E+01 7.50000E+00-5.00000E+00
 -1       302-4.00000E+01 1.46123E-14-5.00000E+00
 -1       303-6.47874E+01 7.46457E+00-5.00000E+00
 -1       304-7.47874E+01 7.46457E+00-5.00000E+00
 -1       305-5.97874E+01-3.54308E-02-5.00000E+00
 -1       306-7.72874E+01-4.52098E-01-5.00000E+00
 -1       307-7.47874E+01-7.53543E+00-5.00000E+00
 -1       308-6.47874E+01-7.53543E+00-5.00000E+00
 -1       309-5.50000E+01-7.50000E+00-5.00000E+00
 -1       310-4.50000E+01-7.50000E+00-5.00000E+00
 -1       311-3.50000E+01-7.50000E+00-5.00000E+00
 -1       312-2.50000E+01-7.50000E+00-5.00000E+00
 -1       313-1.50000E+01-7.50000E+00-5.00000E+00
 -1       314-5.00000E+00-7.50000E+00-5.00000E+00
 -1       315 5.00000E+00-7.50000E+00-5.00000E+00
 -1       316 1.50000E+01-7.50000E+00-5.00000E+00
 -1       317 2.50000E+01-7.50000E+00-5.00000E+00
 -1       318 3.50000E+01-7.50000E+00-5.00000E+00
 -1       319 4.50000E+01-7.50000E+00-5.00000E+00
 -1       320 5.50000E+01-7.50000E+00-5.00000E+00
 -1       321 6.47874E+01-7.46457E+00-5.00000E+00
 -1       322 7.47874E+01-7.46457E+00-5.00000E+00
 -1       323 1.00000E+01 9.90812E-16 5.00000E+00
 -1       324 3.00000E+01-1.09509E-14 5.00000E+00
 -1       325-1.00000E+01 4.70471E-15 5.00000E+00
 -1       326-3.00000E+01 1.12449E-14 5.00000E+00
 -1       327 5.00000E+01-2.06072E-14 5.00000E+00
 -1       328-5.00000E+01 1.79798E-14 5.00000E+00
 -1       329 6.95748E+01 7.08617E-02 5.00000E+00
 -1       330-6.95748E+01-7.08617E-02 5.00000E+00
 -1       331-8.50000E+01-8.33333E-01 5.00000E+00
 -1       332 8.50000E+01 8.33333E-01 5.00000E+00
 -1       333-9.25000E+01-4.16667E-01 5.00000E+00
 -1       334-9.25000E+01 7.08333E+00 5.00000E+00
 -1       335-8.25000E+01 7.08333E+00 5.00000E+00
 -1       336-9.25000E+01-7.91667E+00 5.00000E+00
 -1       337-8.25000E+01-7.91667E+00 5.00000E+00
 -1       338 8.25000E+01 7.91667E+00 5.00000E+00
 -1       339 9.25000E+01 7.91667E+00 5.00000E+00
 -1       340 9.25000E+01 4.16667E-01 5.00000E+00
 -1       341 9.25000E+01-7.08333E+00 5.00000E+00
 -1       342 8.25000E+01-7.08333E+00 5.00000E+00
 -1       343 6.47874E+01 7.53543E+00 5.00000E+00
 -1       344 7.47874E+01 7.53543E+00 5.00000E+00
 -1       345 7.72874E+01 4.52098E-01 5.00000E+00
 -1       346 4.50000E+01 7.50000E+00 5.00000E+00
 -1       347 5.50000E+01 7.50000E+00 5.00000E+00
 -1       348 5.97874E+01 3.54308E-02 5.00000E+00
 -1       349 2.50000E+01 7.50000E+00 5.00000E+00
 -1       350 3.50000E+01 7.50000E+00 5.00000E+00
 -1       351 4.00000E+01-1.57790E-14 5.00000E+00
 -1       352 5.00000E+00 7.50000E+00 5.00000E+00
 -1       353 1.50000E+01 7.50000E+00 5.00000E+00
 -1       354 2.00000E+01-4.98005E-15 5.00000E+00
 -1       355-1.50000E+01 7.50000E+00 5.00000E+00
 -1       356-5.00000E+00 7.50000E+00 5.00000E+00
 -1       357 3.55271E-15 2.84776E-15 5.00000E+00
 -1       358-3.50000E+01 7.50000E+00 5.00000E+00
 -1       359-2.50000E+01 7.50000E+00 5.00000E+00
 -1       360-2.00000E+01 7.97480E-15 5.00000E+00
 -1       361-5.50000E+01 7.50000E+00 5.00000E+00
 -1       362-4.50000E+01 7.50000E+00 5.00000E+00
 -1       363-4.00000E+01 1.46123E-14 5.00000E+00
 -1       364-7.47874E+01 7.46457E+00 5.00000E+00
 -1       365-6.47874E+01 7.46457E+00 5.00000E+00
 -1       366-5.97874E+01-3.54308E-02 5.00000E+00
 -1       367-7.72874E+01-4.52098E-01 5.00000E+00
 -1       368-6.47874E+01-7.53543E+00 5.00000E+00
 -1       369-7.47874E+01-7.53543E+00 5.00000E+00
 -1       370-4.50000E+01-7.50000E+00 5.00000E+00
 -1       371-5.50000E+01-7.50000E+00 5.00000E+00
 -1       372-2.50000E+01-7.50000E+00 5.00000E+00
 -1       373-3.50000E+01-7.50000E+00 5.00000E+00
 -1       374-5.00000E+00-7.50000E+00 5.00000E+00
 -1       375-1.50000E+01-7.50000E+00 5.00000E+00
 -1       376 1.50000E+01-7.50000E+00 5.00000E+00
 -1       377 5.00000E+00-7.50000E+00 5.00000E+00
 -1       378 3.50000E+01-7.50000E+00 5.00000E+00
 -1       379 2.50000E+01-7.50000E+00 5.00000E+00
 -1       380 5.50000E+01-7.50000E+00 5.00000E+00
 -1       381 4.50000E+01-7.50000E+00 5.00000E+00
 -1       382 7.47874E+01-7.46457E+00 5.00000E+00
 -1       383 6.47874E+01-7.46457E+00 5.00000E+00
 -1       384-9.00000E+01-1.50000E+01 0.00000E+00
 -1       385-3.00000E+01-1.50000E+01 0.00000E+00
 -1       386-5.00000E+01-1.50000E+01 0.00000E+00
 -1       387-7.00000E+01-1.50000E+01 0.00000E+00
 -1       388 9.00000E+01-1.50000E+01 0.00000E+00
 -1       389 7.00000E+01-1.50000E+01 0.00000E+00
 -1       390 1.00000E+01-1.50000E+01 0.00000E+00
 -1       391 3.00000E+01-1.50000E+01-8.88178E-16
 -1       392 5.00000E+01-1.50000E+01 0.00000E+00
 -1       393-1.00000E+01-1.50000E+01 0.00000E+00
 -1       394-9.50000E+01-1.50000E+01-2.50000E+00
 -1       395-9.50000E+01-1.50000E+01 2.50000E+00
 -1       396-8.50000E+01-1.50000E+01-2.50000E+00
 -1       397-8.50000E+01-1.50000E+01 2.50000E+00
 -1       398 9.50000E+01-1.50000E+01 2.50000E+00
 -1       399 9.50000E+01-1.50000E+01-2.50000E+00
 -1       400 8.50000E+01-1.50000E+01-2.50000E+00
 -1       401 8.50000E+01-1.50000E+01 2.50000E+00
 -1       402-6.50000E+01-1.50000E+01-2.50000E+00
 -1       403-7.50000E+01-1.50000E+01-2.50000E+00
 -1       404-8.00000E+01-1.50000E+01 0.00000E+00
 -1       405-7.50000E+01-1.50000E+01 2.50000E+00
 -1       406-4.50000E+01-1.50000E+01-2.50000E+00
 -1       407-5.50000E+01-1.50000E+01-2.50000E+00
 -1       408-6.00000E+01-1.50000E+01 0.00000E+00
 -1       409-5.50000E+01-1.50000E+01 2.50000E+00
 -1       410-6.50000E+01-1.50000E+01 2.50000E+00
 -1       411-2.50000E+01-1.50000E+01-2.50000E+00
 -1       412-3.50000E+01-1.50000E+01-2.50000E+00
 -1       413-4.00000E+01-1.50000E+01 0.00000E+00
 -1       414-3.50000E+01-1.50000E+01 2.50000E+00
 -1       415-4.50000E+01-1.50000E+01 2.50000E+00
 -1       416-5.00000E+00-1.50000E+01-2.50000E+00
 -1       417-1.50000E+01-1.50000E+01-2.50000E+00
 -1       418-2.00000E+01-1.50000E+01 0.00000E+00
 -1       419-2.50000E+01-1.50000E+01 2.50000E+00
 -1       420-1.50000E+01-1.50000E+01 2.50000E+00
 -1       421 1.50000E+01-1.50000E+01-2.50000E+00
 -1       422 5.00000E+00-1.50000E+01-2.50000E+00
 -1       423-4.26326E-14-1.50000E+01 0.00000E+00
 -1       424 5.00000E+00-1.50000E+01 2.50000E+00
 -1       425-5.00000E+00-1.50000E+01 2.50000E+00
 -1       426 3.50000E+01-1.50000E+01-2.50000E+00
 -1       427 2.50000E+01-1.50000E+01-2.50000E+00
 -1       428 2.00000E+01-1.50000E+01 0.00000E+00
 -1       429 1.50000E+01-1.50000E+01 2.50000E+00
 -1       430 2.50000E+01-1.50000E+01 2.50000E+00
 -1       431 5.50000E+01-1.50000E+01-2.50000E+00
 -1       432 4.50000E+01-1.50000E+01-2.50000E+00
 -1       433 4.00000E+01-1.50000E+01 0.00000E+00
 -1       434 3.50000E+01-1.50000E+01 2.50000E+00
 -1       435 4.50000E+01-1.50000E+01 2.50000E+00
 -1       436 7.50000E+01-1.50000E+01-2.50000E+00
 -1       437 6.50000E+01-1.50000E+01-2.50000E+00
 -1       438 6.00000E+01-1.50000E+01 0.00000E+00
 -1       439 6.50000E+01-1.50000E+01 2.50000E+00
 -1       440 5.50000E+01-1.50000E+01 2.50000E+00
 -1       441 8.00000E+01-1.50000E+01 0.00000E+00
 -1       442 7.50000E+01-1.50000E+01 2.50000E+00
 -1       443-9.00000E+01 0.00000E+00-2.00000E+00
 -1       444 9.00000E+01 0.00000E+00-2.00000E+00
 -1       445-3.00000E+01 2.28336E-14-2.00000E+00
 -1       446 3.00000E+01-1.14279E-14-2.00000E+00
 -1       447-1.00000E+01 1.66119E-14-2.00000E+00
 -1       448 1.00000E+01 1.04632E-14-2.00000E+00
 -1       449-7.00000E+01-8.88178E-16-2.00000E+00
 -1       450 7.00000E+01 4.44089E-16-2.00000E+00
 -1       451-5.00000E+01 9.94760E-14-2.00000E+00
 -1       452 5.00000E+01-9.94760E-14-2.00000E+00
 -1       453-9.50000E+01-5.00000E+00-2.00000E+00
 -1       454-9.50000E+01 5.00000E+00-2.00000E+00
 -1       455-8.50000E+01-5.00000E+00-2.00000E+00
 -1       456-8.50000E+01 5.00000E+00-2.00000E+00
 -1       457 9.50000E+01 5.00000E+00-2.00000E+00
 -1       458 9.50000E+01-5.00000E+00-2.00000E+00
 -1       459 8.50000E+01-5.00000E+00-2.00000E+00
 -1       460 8.50000E+01 5.00000E+00-2.00000E+00
 -1       461-6.50000E+01-5.00000E+00-2.00000E+00
 -1       462-7.50000E+01-5.00000E+00-2.00000E+00
 -1       463-8.00000E+01 0.00000E+00-2.00000E+00
 -1       464-7.50000E+01 5.00000E+00-2.00000E+00
 -1       465-4.50000E+01-5.00000E+00-2.00000E+00
 -1       466-5.50000E+01-5.00000E+00-2.00000E+00
 -1       467-6.00000E+01 0.00000E+00-2.00000E+00
 -1       468-6.50000E+01 5.00000E+00-2.00000E+00
 -1       469-5.50000E+01 5.00000E+00-2.00000E+00
 -1       470-2.50000E+01-5.00000E+00-2.00000E+00
 -1       471-3.50000E+01-5.00000E+00-2.00000E+00
 -1       472-4.00000E+01 6.11548E-14-2.00000E+00
 -1       473-5.00000E+00-5.00000E+00-2.00000E+00
 -1       474-1.50000E+01-5.00000E+00-2.00000E+00
 -1       475-2.00000E+01 1.97228E-14-2.00000E+00
 -1       476 1.50000E+01-5.00000E+00-2.00000E+00
 -1       477 5.00000E+00-5.00000E+00-2.00000E+00
 -1       478 1.24345E-14 1.35376E-14-2.00000E+00
 -1       479 3.50000E+01-5.00000E+00-2.00000E+00
 -1       480 2.50000E+01-5.00000E+00-2.00000E+00
 -1       481 2.00000E+01-4.82328E-16-2.00000E+00
 -1       482 5.50000E+01-5.00000E+00-2.00000E+00
 -1       483 4.50000E+01-5.00000E+00-2.00000E+00
 -1       484 4.00000E+01-5.54519E-14-2.00000E+00
 -1       485 7.50000E+01-5.00000E+00-2.00000E+00
 -1       486 6.50000E+01-5.00000E+00-2.00000E+00
 -1       487 6.00000E+01 0.00000E+00-2.00000E+00
 -1       488 6.50000E+01 5.00000E+00-2.00000E+00
 -1       489 5.50000E+01 5.00000E+00-2.00000E+00
 -1       490 8.00000E+01 0.00000E+00-2.00000E+00
 -1       491 7.50000E+01 5.00000E+00-2.00000E+00
 -1       492 4.50000E+01 5.00000E+00-2.00000E+00
 -1       493 2.50000E+01 5.00000E+00-2.00000E+00
 -1       494 3.50000E+01 5.00000E+00-2.00000E+00
 -1       495 5.00000E+00 5.00000E+00-2.00000E+00
 -1       496 1.50000E+01 5.00000E+00-2.00000E+00
 -1       497-1.50000E+01 5.00000E+00-2.00000E+00
 -1       498-5.00000E+00 5.00000E+00-2.00000E+00
 -1       499-3.50000E+01 5.00000E+00-2.00000E+00
 -1       500-2.50000E+01 5.00000E+00-2.00000E+00
 -1       501-4.50000E+01 5.00000E+00-2.00000E+00
 -1       502-9.00000E+01 1.00000E+01 0.00000E+00
 -1       503-8.00000E+01 1.00000E+01 0.00000E+00
 -1       504 9.00000E+01 1.00000E+01 0.00000E+00
 -1       505 8.00000E+01 1.00000E+01 0.00000E+00
 -1       506 7.00000E+01 1.00000E+01 0.00000E+00
 -1       507 6.00000E+01 1.00000E+01 0.00000E+00
 -1       508 5.00000E+01 1.00000E+01 0.00000E+00
 -1       509 3.00000E+01 1.00000E+01 0.00000E+00
 -1       510 2.00000E+01 1.00000E+01 0.00000E+00
 -1       511 4.00000E+01 1.00000E+01 0.00000E+00
 -1       512 1.00000E+01 1.00000E+01 0.00000E+00
 -1       513 3.57492E-14 1.00000E+01 0.00000E+00
 -1       514-1.00000E+01 1.00000E+01 0.00000E+00
 -1       515-2.00000E+01 1.00000E+01 0.00000E+00
 -1       516-3.00000E+01 1.00000E+01 0.00000E+00
 -1       517-4.00000E+01 1.00000E+01 0.00000E+00
 -1       518-5.00000E+01 1.00000E+01 0.00000E+00
 -1       519-6.00000E+01 1.00000E+01 0.00000E+00
 -1       520-7.00000E+01 1.00000E+01 0.00000E+00
 -1       521-9.00000E+01 0.00000E+00 2.00000E+00
 -1       522 9.00000E+01 0.00000E+00 2.00000E+00
 -1       523 1.00000E+01-1.18424E-14 2.00000E+00
 -1       524-1.00000E+01-1.51792E-14 2.00000E+00
 -1       525 3.00000E+01-1.88491E-14 2.00000E+00
 -1       526-3.00000E+01 1.41442E-14 2.00000E+00
 -1       527 7.00000E+01 8.88178E-16 2.00000E+00
 -1       528-7.00000E+01-8.88178E-16 2.00000E+00
 -1       529 5.00000E+01-9.94760E-14 2.00000E+00
 -1       530-5.00000E+01 1.00044E-13 2.00000E+00
 -1       531-9.50000E+01 5.00000E+00 2.00000E+00
 -1       532-9.50000E+01-5.00000E+00 2.00000E+00
 -1       533-8.50000E+01 5.00000E+00 2.00000E+00
 -1       534-8.50000E+01-5.00000E+00 2.00000E+00
 -1       535 9.50000E+01-5.00000E+00 2.00000E+00
 -1       536 9.50000E+01 5.00000E+00 2.00000E+00
 -1       537 8.50000E+01 5.00000E+00 2.00000E+00
 -1       538 8.50000E+01-5.00000E+00 2.00000E+00
 -1       539 7.50000E+01 5.00000E+00 2.00000E+00
 -1       540 6.50000E+01 5.00000E+00 2.00000E+00
 -1       541 8.00000E+01 0.00000E+00 2.00000E+00
 -1       542 7.50000E+01-5.00000E+00 2.00000E+00
 -1       543 5.50000E+01 5.00000E+00 2.00000E+00
 -1       544 4.50000E+01 5.00000E+00 2.00000E+00
 -1       545 6.00000E+01 0.00000E+00 2.00000E+00
 -1       546 6.50000E+01-5.00000E+00 2.00000E+00
 -1       547 5.50000E+01-5.00000E+00 2.00000E+00
 -1       548 3.50000E+01 5.00000E+00 2.00000E+00
 -1       549 2.50000E+01 5.00000E+00 2.00000E+00
 -1       550 4.00000E+01-5.91626E-14 2.00000E+00
 -1       551 1.50000E+01 5.00000E+00 2.00000E+00
 -1       552 5.00000E+00 5.00000E+00 2.00000E+00
 -1       553 2.00000E+01-1.53458E-14 2.00000E+00
 -1       554-5.00000E+00 5.00000E+00 2.00000E+00
 -1       555-1.50000E+01 5.00000E+00 2.00000E+00
 -1       556-1.59872E-14-1.35108E-14 2.00000E+00
 -1       557-2.50000E+01 5.00000E+00 2.00000E+00
 -1       558-3.50000E+01 5.00000E+00 2.00000E+00
 -1       559-2.00000E+01-5.17493E-16 2.00000E+00
 -1       560-4.50000E+01 5.00000E+00 2.00000E+00
 -1       561-5.50000E+01 5.00000E+00 2.00000E+00
 -1       562-4.00000E+01 5.70943E-14 2.00000E+00
 -1       563-6.50000E+01 5.00000E+00 2.00000E+00
 -1       564-7.50000E+01 5.00000E+00 2.00000E+00
 -1       565-6.00000E+01 0.00000E+00 2.00000E+00
 -1       566-6.50000E+01-5.00000E+00 2.00000E+00
 -1       567-5.50000E+01-5.00000E+00 2.00000E+00
 -1       568-8.00000E+01 0.00000E+00 2.00000E+00
 -1       569-7.50000E+01-5.00000E+00 2.00000E+00
 -1       570-4.50000E+01-5.00000E+00 2.00000E+00
 -1       571-3.50000E+01-5.00000E+00 2.00000E+00
 -1       572-2.50000E+01-5.00000E+00 2.00000E+00
 -1       573-1.50000E+01-5.00000E+00 2.00000E+00
 -1       574-5.00000E+00-5.00000E+00 2.00000E+00
 -1       575 5.00000E+00-5.00000E+00 2.00000E+00
 -1       576 1.50000E+01-5.00000E+00 2.00000E+00
 -1       577 2.50000E+01-5.00000E+00 2.00000E+00
 -1       578 3.50000E+01-5.00000E+00 2.00000E+00
 -1       579 4.50000E+01-5.00000E+00 2.00000E+00
 -1       580-9.00000E+01-1.00000E+01 0.00000E+00
 -1       581-8.00000E+01-1.00000E+01 0.00000E+00
 -1       582 9.00000E+01-1.00000E+01 0.00000E+00
 -1       583 8.00000E+01-1.00000E+01 0.00000E+00
 -1       584-7.00000E+01-1.00000E+01 0.00000E+00
 -1       585-6.00000E+01-1.00000E+01 0.00000E+00
 -1       586-5.00000E+01-1.00000E+01 0.00000E+00
 -1       587-4.00000E+01-1.00000E+01 0.00000E+00
 -1       588-3.00000E+01-1.00000E+01 0.00000E+00
 -1       589-2.00000E+01-1.00000E+01 0.00000E+00
 -1       590-1.00000E+01-1.00000E+01 0.00000E+00
 -1       591-3.57492E-14-1.00000E+01 0.00000E+00
 -1       592 1.00000E+01-1.00000E+01 0.00000E+00
 -1       593 2.00000E+01-1.00000E+01 0.00000E+00
 -1       594 3.00000E+01-1.00000E+01 0.00000E+00
 -1       595 4.00000E+01-1.00000E+01 0.00000E+00
 -1       596 5.00000E+01-1.00000E+01 0.00000E+00
 -1       597 6.00000E+01-1.00000E+01 0.00000E+00
 -1       598 7.00000E+01-1.00000E+01 0.00000E+00
 -1       599 1.00000E+02 1.25000E+01 1.50000E+00
 -1       600 1.00000E+02 1.25000E+01-3.50000E+00
 -1       601 1.00000E+02 5.00000E+00-3.50000E+00
 -1       602 1.00000E+02 1.25000E+01 3.50000E+00
 -1       603 1.00000E+02 5.00000E+00 3.50000E+00
 -1       604 1.00000E+02-1.25000E+01-3.50000E+00
 -1       605 1.00000E+02-1.25000E+01 1.50000E+00
 -1       606 1.00000E+02-5.00000E+00-3.50000E+00
 -1       607 1.00000E+02-1.25000E+01 3.50000E+00
 -1       608 1.00000E+02-5.00000E+00 3.50000E+00
 -1       609-7.00000E+01 1.25000E+01 3.50000E+00
 -1       610-7.50000E+01 1.25000E+01 1.00000E+00
 -1       611-8.00000E+01 1.25000E+01 3.50000E+00
 -1       612 7.00000E+01-1.25000E+01-3.50000E+00
 -1       613 7.50000E+01-1.25000E+01-1.00000E+00
 -1       614 8.00000E+01-1.25000E+01-3.50000E+00
 -1       615 9.00000E+01-1.25000E+01 3.50000E+00
 -1       616 8.00000E+01-1.25000E+01 3.50000E+00
 -1       617 8.50000E+01-1.25000E+01 1.00000E+00
 -1       618 9.50000E+01-1.25000E+01 1.00000E+00
 -1       619 6.50000E+01-1.25000E+01-1.00000E+00
 -1       620 6.00000E+01-1.25000E+01-3.50000E+00
 -1       621-6.00000E+01 1.25000E+01 3.50000E+00
 -1       622-6.50000E+01 1.25000E+01 1.00000E+00
 -1       623-5.00000E+01-1.25000E+01 3.50000E+00
 -1       624-5.50000E+01-1.25000E+01 1.00000E+00
 -1       625-6.00000E+01-1.25000E+01 3.50000E+00
 -1       626 5.00000E+01 1.25000E+01-3.50000E+00
 -1       627 5.50000E+01 1.25000E+01-1.00000E+00
 -1       628 6.00000E+01 1.25000E+01-3.50000E+00
 -1       629 3.00000E+01 1.25000E+01 3.50000E+00
 -1       630 2.50000E+01 1.25000E+01 1.00000E+00
 -1       631 2.00000E+01 1.25000E+01 3.50000E+00
 -1       632 7.00000E+01 1.25000E+01-3.50000E+00
 -1       633 8.00000E+01 1.25000E+01-3.50000E+00
 -1       634 7.50000E+01 1.25000E+01-1.00000E+00
 -1       635-7.00000E+01-1.25000E+01 3.50000E+00
 -1       636-6.50000E+01-1.25000E+01 1.00000E+00
 -1       637 7.00000E+01 1.25000E+01 3.50000E+00
 -1       638 6.50000E+01 1.25000E+01 1.00000E+00
 -1       639 6.00000E+01 1.25000E+01 3.50000E+00
 -1       640-7.00000E+01-1.25000E+01-3.50000E+00
 -1       641-6.50000E+01-1.25000E+01-1.00000E+00
 -1       642-6.00000E+01-1.25000E+01-3.50000E+00
 -1       643 1.00000E+01-1.25000E+01 3.50000E+00
 -1       644 5.00000E+00-1.25000E+01 1.00000E+00
 -1       645-3.91909E-14-1.25000E+01 3.50000E+00
 -1       646-3.00000E+01 1.25000E+01 3.50000E+00
 -1       647-2.50000E+01 1.25000E+01 1.00000E+00
 -1       648-2.00000E+01 1.25000E+01 3.50000E+00
 -1       649-3.00000E+01 1.25000E+01-3.50000E+00
 -1       650-2.00000E+01 1.25000E+01-3.50000E+00
 -1       651-2.50000E+01 1.25000E+01-1.00000E+00
 -1       652 1.00000E+01 1.25000E+01-3.50000E+00
 -1       653 5.00000E+00 1.25000E+01-1.00000E+00
 -1       654 3.91909E-14 1.25000E+01-3.50000E+00
 -1       655 3.00000E+01-1.25000E+01 3.50000E+00
 -1       656 2.50000E+01-1.25000E+01 1.00000E+00
 -1       657 2.00000E+01-1.25000E+01 3.50000E+00
 -1       658-5.00000E+01 1.25000E+01-3.50000E+00
 -1       659-5.50000E+01 1.25000E+01-1.00000E+00
 -1       660-6.00000E+01 1.25000E+01-3.50000E+00
 -1       661 5.00000E+01-1.25000E+01 3.50000E+00
 -1       662 5.50000E+01-1.25000E+01 1.00000E+00
 -1       663 6.00000E+01-1.25000E+01 3.50000E+00
 -1       664 1.00000E+01 1.25000E+01 3.50000E+00
 -1       665 1.50000E+01 1.25000E+01 1.00000E+00
 -1       666-1.00000E+01-1.25000E+01 3.50000E+00
 -1       667-1.50000E+01-1.25000E+01 1.00000E+00
 -1       668-2.00000E+01-1.25000E+01 3.50000E+00
 -1       669-5.00000E+01 1.25000E+01 3.50000E+00
 -1       670-5.50000E+01 1.25000E+01 1.00000E+00
 -1       671 5.00000E+01-1.25000E+01-3.50000E+00
 -1       672 5.50000E+01-1.25000E+01-1.00000E+00
 -1       673 4.00000E+01 1.25000E+01 3.50000E+00
 -1       674 3.50000E+01 5.00000E+00 3.50000E+00
 -1       675 4.50000E+01 5.00000E+00 3.50000E+00
 -1       676 2.00000E+01 1.25000E+01-3.50000E+00
 -1       677 2.50000E+01 5.00000E+00-3.50000E+00
 -1       678 1.50000E+01 5.00000E+00-3.50000E+00
 -1       679 4.00000E+01 1.25000E+01-3.50000E+00
 -1       680 4.50000E+01 1.25000E+01-1.00000E+00
 -1       681-4.50000E+01-1.25000E+01 1.00000E+00
 -1       682-4.00000E+01-1.25000E+01 3.50000E+00
 -1       683-8.00000E+01-1.25000E+01 3.50000E+00
 -1       684-7.50000E+01-1.25000E+01 1.00000E+00
 -1       685-7.50000E+01-1.25000E+01-1.00000E+00
 -1       686-8.00000E+01-1.25000E+01-3.50000E+00
 -1       687 6.50000E+01 1.25000E+01-1.00000E+00
 -1       688 8.00000E+01 1.25000E+01 3.50000E+00
 -1       689 7.50000E+01 1.25000E+01 1.00000E+00
 -1       690 4.00000E+01-1.25000E+01 3.50000E+00
 -1       691 4.50000E+01-1.25000E+01 1.00000E+00
 -1       692 1.50000E+01-1.25000E+01 1.00000E+00
 -1       693-4.00000E+01 1.25000E+01-3.50000E+00
 -1       694-3.50000E+01 1.25000E+01-1.00000E+00
 -1       695-3.50000E+01 1.25000E+01 1.00000E+00
 -1       696-4.00000E+01 1.25000E+01 3.50000E+00
 -1       697 3.50000E+01-1.25000E+01 1.00000E+00
 -1       698-5.00000E+00-1.25000E+01 1.00000E+00
 -1       699 5.00000E+00 1.25000E+01 1.00000E+00
 -1       700 3.91909E-14 1.25000E+01 3.50000E+00
 -1       701 4.00000E+01-1.25000E+01-3.50000E+00
 -1       702 4.50000E+01-1.25000E+01-1.00000E+00
 -1       703-4.50000E+01 1.25000E+01 1.00000E+00
 -1       704-9.00000E+01-1.25000E+01-3.50000E+00
 -1       705-8.50000E+01-1.25000E+01-1.00000E+00
 -1       706-9.00000E+01-1.25000E+01 3.50000E+00
 -1       707-8.50000E+01-1.25000E+01 1.00000E+00
 -1       708 9.00000E+01 1.25000E+01 3.50000E+00
 -1       709 8.50000E+01 1.25000E+01 1.00000E+00
 -1       710-3.50000E+01 5.00000E+00-3.50000E+00
 -1       711-4.50000E+01 5.00000E+00-3.50000E+00
 -1       712 3.50000E+01-5.00000E+00 3.50000E+00
 -1       713 4.50000E+01-5.00000E+00 3.50000E+00
 -1       714-5.00000E+00-5.00000E+00 3.50000E+00
 -1       715 5.00000E+00-5.00000E+00 3.50000E+00
 -1       716-4.50000E+01 5.00000E+00 3.50000E+00
 -1       717-3.50000E+01 5.00000E+00 3.50000E+00
 -1       718 2.50000E+01-5.00000E+00-3.50000E+00
 -1       719 2.00000E+01-1.25000E+01-3.50000E+00
 -1       720 1.50000E+01-5.00000E+00-3.50000E+00
 -1       721 3.50000E+01-5.00000E+00-3.50000E+00
 -1       722 4.50000E+01-5.00000E+00-3.50000E+00
 -1       723-2.50000E+01 5.00000E+00-3.50000E+00
 -1       724-1.50000E+01 5.00000E+00-3.50000E+00
 -1       725 2.50000E+01-5.00000E+00 3.50000E+00
 -1       726 1.50000E+01-5.00000E+00 3.50000E+00
 -1       727-1.50000E+01 5.00000E+00 3.50000E+00
 -1       728-2.50000E+01 5.00000E+00 3.50000E+00
 -1       729-5.00000E+00 5.00000E+00-3.50000E+00
 -1       730 5.00000E+00 5.00000E+00-3.50000E+00
 -1       731 5.00000E+00-5.00000E+00-3.50000E+00
 -1       732-5.00000E+00-5.00000E+00-3.50000E+00
 -1       733-3.91909E-14-1.25000E+01-3.50000E+00
 -1       734 5.00000E+00 5.00000E+00 3.50000E+00
 -1       735-5.00000E+00 5.00000E+00 3.50000E+00
 -1       736-4.00000E+01-1.25000E+01-3.50000E+00
 -1       737-3.50000E+01-5.00000E+00-3.50000E+00
 -1       738-4.50000E+01-5.00000E+00-3.50000E+00
 -1       739-4.50000E+01-5.00000E+00 3.50000E+00
 -1       740-3.50000E+01-5.00000E+00 3.50000E+00
 -1       741-2.00000E+01-1.25000E+01-3.50000E+00
 -1       742-1.50000E+01-5.00000E+00-3.50000E+00
 -1       743-2.50000E+01-5.00000E+00-3.50000E+00
 -1       744 3.50000E+01 5.00000E+00-3.50000E+00
 -1       745 4.50000E+01 5.00000E+00-3.50000E+00
 -1       746 1.50000E+01 5.00000E+00 3.50000E+00
 -1       747 2.50000E+01 5.00000E+00 3.50000E+00
 -1       748-1.50000E+01-5.00000E+00 3.50000E+00
 -1       749-2.50000E+01-5.00000E+00 3.50000E+00
 -1       750 9.50000E+01 1.25000E+01 1.00000E+00
 -1       751-9.50000E+01-1.25000E+01-1.00000E+00
 -1       752-6.47874E+01 4.96457E+00-3.50000E+00
 -1       753-5.50000E+01 5.00000E+00-3.50000E+00
 -1       754 6.47874E+01-4.96457E+00 3.50000E+00
 -1       755 5.50000E+01-5.00000E+00 3.50000E+00
 -1       756-5.50000E+01 5.00000E+00 3.50000E+00
 -1       757-6.47874E+01 4.96457E+00 3.50000E+00
 -1       758 6.47874E+01-4.96457E+00-3.50000E+00
 -1       759 5.50000E+01-5.00000E+00-3.50000E+00
 -1       760-5.50000E+01-5.00000E+00 3.50000E+00
 -1       761-6.47874E+01-5.03543E+00 3.50000E+00
 -1       762 6.47874E+01 5.03543E+00-3.50000E+00
 -1       763 5.50000E+01 5.00000E+00-3.50000E+00
 -1       764 6.47874E+01 5.03543E+00 3.50000E+00
 -1       765 5.50000E+01 5.00000E+00 3.50000E+00
 -1       766-6.47874E+01-5.03543E+00-3.50000E+00
 -1       767-5.50000E+01-5.00000E+00-3.50000E+00
 -1       768-8.75000E+01-4.16667E-01 3.50000E+00
 -1       769-8.25000E+01 4.58333E+00 3.50000E+00
 -1       770-8.25000E+01-5.41667E+00 3.50000E+00
 -1       771 8.25000E+01-4.58333E+00-3.50000E+00
 -1       772 8.75000E+01 4.16667E-01-3.50000E+00
 -1       773 8.25000E+01 5.41667E+00-3.50000E+00
 -1       774-8.25000E+01 4.58333E+00-3.50000E+00
 -1       775-8.75000E+01-4.16667E-01-3.50000E+00
 -1       776-8.25000E+01-5.41667E+00-3.50000E+00
 -1       777 8.25000E+01 5.41667E+00 3.50000E+00
 -1       778 8.75000E+01 4.16667E-01 3.50000E+00
 -1       779 8.25000E+01-4.58333E+00 3.50000E+00
 -1       780-9.50000E+01-9.76996E-15-3.50000E+00
 -1       781-9.50000E+01 7.50000E+00-3.50000E+00
 -1       782-9.50000E+01 7.50000E+00 3.50000E+00
 -1       783-9.50000E+01-9.76996E-15 3.50000E+00
 -1       784 9.50000E+01-7.50000E+00-3.50000E+00
 -1       785 9.50000E+01 9.76996E-15-3.50000E+00
 -1       786 9.50000E+01-7.50000E+00 3.50000E+00
 -1       787 9.50000E+01 9.76996E-15 3.50000E+00
 -1       788-9.50000E+01 1.25000E+01-1.00000E+00
 -1       789-8.50000E+01 1.25000E+01-1.00000E+00
 -1       790-9.50000E+01 1.25000E+01 1.00000E+00
 -1       791 9.50000E+01-1.25000E+01-1.00000E+00
 -1       792-8.50000E+01 1.25000E+01 1.00000E+00
 -1       793 7.50000E+01-1.25000E+01 1.00000E+00
 -1       794-7.50000E+01 1.25000E+01-1.00000E+00
 -1       795 8.50000E+01 1.25000E+01-1.00000E+00
 -1       796 9.50000E+01 1.25000E+01-1.00000E+00
 -1       797-2.50000E+01-1.25000E+01 1.00000E+00
 -1       798-2.50000E+01-1.25000E+01-1.00000E+00
 -1       799-3.50000E+01-1.25000E+01-1.00000E+00
 -1       800 5.50000E+01 1.25000E+01 1.00000E+00
 -1       801-5.50000E+01-1.25000E+01-1.00000E+00
 -1       802-3.50000E+01-1.25000E+01 1.00000E+00
 -1       803-5.00000E+00 1.25000E+01 1.00000E+00
 -1       804-1.50000E+01 1.25000E+01-1.00000E+00
 -1       805-1.50000E+01 1.25000E+01 1.00000E+00
 -1       806-5.00000E+00 1.25000E+01-1.00000E+00
 -1       807 5.00000E+00-1.25000E+01-1.00000E+00
 -1       808-5.00000E+00-1.25000E+01-1.00000E+00
 -1       809-1.50000E+01-1.25000E+01-1.00000E+00
 -1       810 2.50000E+01-1.25000E+01-1.00000E+00
 -1       811 7.47874E+01-4.96457E+00-3.50000E+00
 -1       812-7.47874E+01 4.96457E+00 3.50000E+00
 -1       813-8.00000E+01 1.25000E+01-3.50000E+00
 -1       814-7.47874E+01 4.96457E+00-3.50000E+00
 -1       815 7.47874E+01-4.96457E+00 3.50000E+00
 -1       816 7.47874E+01 5.03543E+00 3.50000E+00
 -1       817 7.47874E+01 5.03543E+00-3.50000E+00
 -1       818-7.47874E+01-5.03543E+00-3.50000E+00
 -1       819-7.47874E+01-5.03543E+00 3.50000E+00
 -1       820-8.50000E+01 7.50000E+00 3.50000E+00
 -1       821-8.50000E+01 7.50000E+00-3.50000E+00
 -1       822 8.50000E+01-7.50000E+00-3.50000E+00
 -1       823 8.50000E+01-7.50000E+00 3.50000E+00
 -1       824-9.25000E+01-5.41667E+00 3.50000E+00
 -1       825 9.25000E+01 5.41667E+00-3.50000E+00
 -1       826-9.25000E+01-5.41667E+00-3.50000E+00
 -1       827 9.25000E+01 5.41667E+00 3.50000E+00
 -1       828-6.97874E+01-3.54308E-02 3.50000E+00
 -1       829 6.97874E+01 3.54308E-02-3.50000E+00
 -1       830-6.97874E+01-3.54308E-02-3.50000E+00
 -1       831 6.97874E+01 3.54308E-02 3.50000E+00
 -1       832 4.00000E+01-1.97281E-14 3.50000E+00
 -1       833 5.00000E+01-6.00416E-14 3.50000E+00
 -1       834 3.00000E+01-1.49000E-14 3.50000E+00
 -1       835 2.00000E+01-2.43836E-16-3.50000E+00
 -1       836 3.00000E+01-1.11894E-14-3.50000E+00
 -1       837 1.00000E+01 5.72703E-15-3.50000E+00
 -1       838 4.00000E+01-1.60175E-14-3.50000E+00
 -1       839 5.00000E+01-6.00416E-14-3.50000E+00
 -1       840-2.00000E+01 9.42446E-15 3.50000E+00
 -1       841-1.00000E+01-5.23724E-15 3.50000E+00
 -1       842-3.00000E+01 1.26945E-14 3.50000E+00
 -1       843-2.00000E+01 1.39284E-14-3.50000E+00
 -1       844-3.00000E+01 1.70392E-14-3.50000E+00
 -1       845 1.00000E+01-5.42578E-15 3.50000E+00
 -1       846 2.00000E+01-8.92915E-15 3.50000E+00
 -1       847-1.00000E+01 1.06583E-14-3.50000E+00
 -1       848 6.21725E-15 8.80137E-15-3.50000E+00
 -1       849-3.55271E-15-3.56883E-15 3.50000E+00
 -1       850-4.00000E+01 5.56447E-14 3.50000E+00
 -1       851-4.00000E+01 5.53604E-14-3.50000E+00
 -1       852-5.00000E+01 5.87279E-14-3.50000E+00
 -1       853-5.00000E+01 5.90121E-14 3.50000E+00
 -1       854-8.00000E+01 1.25000E+01-1.50000E+00
 -1       855-2.00000E+01 1.25000E+01-1.50000E+00
 -1       856-4.00000E+01 1.25000E+01-1.50000E+00
 -1       857 3.91909E-14 1.25000E+01-1.50000E+00
 -1       858-3.91909E-14-1.25000E+01 1.50000E+00
 -1       859 2.00000E+01-1.25000E+01-1.50000E+00
 -1       860 4.00000E+01-1.25000E+01-1.50000E+00
 -1       861-2.00000E+01-1.25000E+01 1.50000E+00
 -1       862 6.00000E+01 1.25000E+01 1.50000E+00
 -1       863 4.00000E+01 1.25000E+01 1.50000E+00
 -1       864 3.50000E+01 1.25000E+01-1.00000E+00
 -1       865-6.00000E+01-1.25000E+01 1.50000E+00
 -1       866 8.00000E+01 1.25000E+01-1.50000E+00
 -1       867-8.00000E+01-1.25000E+01-1.50000E+00
 -1       868-4.00000E+01-1.25000E+01-1.50000E+00
 -1       869 2.00000E+01 1.25000E+01-1.50000E+00
 -1       870 8.00000E+01-1.25000E+01-1.50000E+00
 -1       871 6.00000E+01-1.25000E+01 1.50000E+00
 -1       872-6.00000E+01 1.25000E+01-1.50000E+00
 -1       873 3.00000E+01 1.25000E+01-3.50000E+00
 -1       874 5.00000E+01 1.25000E+01 3.50000E+00
 -1       875-7.00000E+01 1.25000E+01-3.50000E+00
 -1       876 7.00000E+01-1.25000E+01 3.50000E+00
 -1       877-5.00000E+01-1.25000E+01-3.50000E+00
 -1       878-3.00000E+01-1.25000E+01 3.50000E+00
 -1       879 9.00000E+01 1.25000E+01-3.50000E+00
 -1       880 1.00000E+01-1.25000E+01-3.50000E+00
 -1       881-1.00000E+01 1.25000E+01 3.50000E+00
 -1       882-1.00000E+01 1.25000E+01-3.50000E+00
 -1       883 3.00000E+01-1.25000E+01-3.50000E+00
 -1       884-1.00000E+01-1.25000E+01-3.50000E+00
 -1       885-9.00000E+01 1.25000E+01 3.50000E+00
 -1       886 9.00000E+01-1.25000E+01-3.50000E+00
 -1       887-9.00000E+01 1.25000E+01-3.50000E+00
 -1       888-3.00000E+01-1.25000E+01-3.50000E+00
 -3
    3C                           432                                     1
 -1       405    6    0    1
 -2       208       161        56        57       610       609       258       261       611        66
 -1       406    6    0    1
 -2       389        75       121        76       437       612       613       436        85       614
 -1       407    6    0    1
 -2        98       181        16       388       616       191       615       401       617       618
 -1       408    6    0    1
 -2       389       121        75       120       613       612       437       619       130       620
 -1       409    6    0    1
 -2       208        56       161       160       258       609       610       622       621       170
 -1       410    6    0    1
 -2       386        92       174        91       415       623       624       409       101       625
 -1       411    6    0    1
 -2       205       134        32        31       627       626       225       226       628        41
 -1       412    6    0    1
 -2       204       156        51        52       630       629       233       238       631        61
 -1       413    6    0    1
 -2        30        31       133       206        40       632       633       222       221       634
 -1       414    6    0    1
 -2       387       174        90        91       636       635       405       410       625       100
 -1       415    6    0    1
 -2       206       154        49        50       638       637       224       229       639        59
 -1       416    6    0    1
 -2       387        68       114        69       403       640       641       402        78       642
 -1       417    6    0    1
 -2       390        95       177        94       429       643       644       424       104       645
 -1       418    6    0    1
 -2       210        55       158        54       253       646       647       249        64       648
 -1       419    6    0    1
 -2        35        36       138       210        45       649       650       246       245       651
 -1       420    6    0    1
 -2       212        33       137        34       236       652       653       235        43       654
 -1       421    6    0    1
 -2       391        96       178        95       434       655       656       430       105       657
 -1       422    6    0    1
 -2       211        36       140        37       251       658       659       250        46       660
 -1       423    6    0    1
 -2       392       180        96        97       662       661       435       440       663       106
 -1       424    6    0    1
 -2       212        53       156        52       244       664       665       239        62       631
 -1       425    6    0    1
 -2       393        94       176        93       425       666       667       420       103       668
 -1       426    6    0    1
 -2       211       160        55        56       670       669       254       259       621        65
 -1       427    6    0    1
 -2       392        74       120        75       432       671       672       431        84       620
 -1       428    6    0    1
 -2       324        51       327       155       350       346       351       674       673       675
 -1       429    6    0    1
 -2       263       136        33       262       677       676       289       293       678       291
 -1       430    6    0    1
 -2       205        32       134       135       225       626       627       680       679       144
 -1       431    6    0    1
 -2       386       174        92       175       624       623       415       681       184       682
 -1       432    6    0    1
 -2       387        90       174       173       405       635       636       684       683       183
 -1       433    6    0    1
 -2       387       114        68       113       641       640       403       685       123       686
 -1       434    6    0    1
 -2        31       134       133       206       628       143       632       221       687       634
 -1       435    6    0    1
 -2       206        49       154       153       224       637       638       689       688       163
 -1       436    6    0    1
 -2       392        96       180       179       435       661       662       691       690       189
 -1       437    6    0    1
 -2       178        95       177       390       657       643       187       692       429       644
 -1       438    6    0    1
 -2        36       139       138       210       693       148       649       245       694       651
 -1       439    6    0    1
 -2       210       159       158        55       695       168       647       253       696       646
 -1       440    6    0    1
 -2       391       178        96       179       656       655       434       697       188       690
 -1       441    6    0    1
 -2       393       176        94       177       667       666       425       698       186       645
 -1       442    6    0    1
 -2       212       156        53       157       665       664       244       699       166       700
 -1       443    6    0    1
 -2       119        74       120       392       701       671       129       702       432       672
 -1       444    6    0    1
 -2       211        55       160       159       254       669       670       703       696       169
 -1       445    6    0    1
 -2       384         3       113        68       394       704       705       396        77       686
 -1       446    6    0    1
 -2        90         4       173       384        99       706       683       397       395       707
 -1       447    6    0    1
 -2       203       153        10        49       709       708       218       220       688        58
 -1       448    6    0    1
 -2       265        36       267       139       298       300       302       710       693       711
 -1       449    6    0    1
 -2       179       324        96       327       712       378       690       713       351       381
 -1       450    6    0    1
 -2       177       325        94       323       714       374       645       715       357       377
 -1       451    6    0    1
 -2       328       159        55       326       716       696       362       363       717       358
 -1       452    6    0    1
 -2        73       263       262       118       317       293       316       719       718       720
 -1       453    6    0    1
 -2       263        74       266       119       318       319       290       721       701       722
 -1       454    6    0    1
 -2        35       265       264       138       297       299       295       650       723       724
 -1       455    6    0    1
 -2       324       178        95       323       725       657       379       354       726       376
 -1       456    6    0    1
 -2       158       325        54       326       727       355       648       728       360       359
 -1       457    6    0    1
 -2        34       137       264       262       654       729       294       292       730       296
 -1       458    6    0    1
 -2       264       262       117        72       296       731       732       314       315       733
 -1       459    6    0    1
 -2        53       323       325       157       352       357       356       700       734       735
 -1       460    6    0    1
 -2       115       265        70       267       737       311       736       738       302       310
 -1       461    6    0    1
 -2       328        92       175       326       370       682       739       363       373       740
 -1       462    6    0    1
 -2       116       264        71       265       742       313       741       743       299       312
 -1       463    6    0    1
 -2       135       263        32       266       744       288       679       745       290       286
 -1       464    6    0    1
 -2       323        52       324       156       353       349       354       746       631       747
 -1       465    6    0    1
 -2        93       325       176       326       375       748       668       372       360       749
 -1       466    6    0    1
 -2       203        10       153        15       218       708       709       750       602       162
 -1       467    6    0    1
 -2         5         3       113       384       199       704       122       751       394       705
 -1       468    6    0    1
 -2        37       269       267       140       303       305       301       660       752       753
 -1       469    6    0    1
 -2       329       180        97       327       754       663       383       348       755       380
 -1       470    6    0    1
 -2       160       328        56       330       756       361       621       757       366       365
 -1       471    6    0    1
 -2       120       266       268        75       759       287       758       620       320       321
 -1       472    6    0    1
 -2        12        98        16       388       108       615       607       398       401       618
 -1       473    6    0    1
 -2       328        91       330       174       371       368       366       760       625       761
 -1       474    6    0    1
 -2       268       134        31       266       762       628       283       287       763       285
 -1       475    6    0    1
 -2        50       329       327       154       343       348       347       639       764       765
 -1       476    6    0    1
 -2       269       114        69       267       766       642       308       305       767       309
 -1       477    6    0    1
 -2       161       521       173       331       533       534       568       769       768       770
 -1       478    6    0    1
 -2       444       121       133       271       459       490       460       772       771       773
 -1       479    6    0    1
 -2       443       141       113       270       456       463       455       775       774       776
 -1       480    6    0    1
 -2       522       153       181       332       537       541       538       778       777       779
 -1       481    6    0    1
 -2        18       270         1       443       273       272        19       780       775       781
 -1       482    6    0    1
 -2         2       331        21       521       334       333        22       782       768       783
 -1       483    6    0    1
 -2        11       271       444        87       281       772       784        88       279       785
 -1       484    6    0    1
 -2       109       522        12       332       787       786       110       340       778       341
 -1       485    6    0    1
 -2       141         6         7       207       151        26       502       789       788       790
 -1       486    6    0    1
 -2        13        16       181       388       192       191       582       791       618       617
 -1       487    6    0    1
 -2       161       141         7       207       503       502       171       792       789       790
 -1       488    6    0    1
 -2       121       181       120       389       583       598       130       613       793       619
 -1       489    6    0    1
 -2       208       141       160       161       794       520       622       610       503       170
 -1       490    6    0    1
 -2       133        15        14       203       504       152       142       795       750       796
 -1       491    6    0    1
 -2       116       176       115       385       589       588       125       798       797       799
 -1       492    6    0    1
 -2       154       134       135       205       507       144       508       800       627       680
 -1       493    6    0    1
 -2       114       175       174       386       586       184       585       801       681       624
 -1       494    6    0    1
 -2       115       176       175       385       588       185       587       799       797       802
 -1       495    6    0    1
 -2       113       174       173       387       584       183       581       685       636       684
 -1       496    6    0    1
 -2       203       133        15       153       795       504       750       709       505       162
 -1       497    6    0    1
 -2       113       173         5       384       581       580       122       705       707       751
 -1       498    6    0    1
 -2       153       133       134       206       505       143       506       689       634       687
 -1       499    6    0    1
 -2       114       174       113       387       585       584       123       641       636       685
 -1       500    6    0    1
 -2       154       153       134       206       163       506       507       638       689       687
 -1       501    6    0    1
 -2       119       180       179       392       596       189       595       702       662       691
 -1       502    6    0    1
 -2       209       138       157       158       804       514       803       805       515       167
 -1       503    6    0    1
 -2       138       157       137       209       514       513       147       804       803       806
 -1       504    6    0    1
 -2       117       178       177       390       592       187       591       807       692       644
 -1       505    6    0    1
 -2       117       177       116       393       591       590       126       808       698       809
 -1       506    6    0    1
 -2       158       138       139       210       515       148       516       647       651       694
 -1       507    6    0    1
 -2       159       158       139       210       168       516       517       695       647       694
 -1       508    6    0    1
 -2       118       179       178       391       594       188       593       810       697       656
 -1       509    6    0    1
 -2       212       137       156       157       653       512       665       699       513       166
 -1       510    6    0    1
 -2       116       177       176       393       590       186       589       809       698       667
 -1       511    6    0    1
 -2       120       180       119       392       597       596       129       672       662       702
 -1       512    6    0    1
 -2       211       140       159       160       659       518       703       670       519       169
 -1       513    6    0    1
 -2       109        12       522        16       110       786       787       608       607       535
 -1       514    6    0    1
 -2        18         1         6       443        19       193       195       780       781       454
 -1       515    6    0    1
 -2        11       444        13        87       784       458       604        88       785       606
 -1       516    6    0    1
 -2        21         7         2       521       197       196        22       783       531       782
 -1       517    6    0    1
 -2       121       268       271        76       811       284       771       614       322       280
 -1       518    6    0    1
 -2       161       330        57       331       812       364       611       769       367       335
 -1       519    6    0    1
 -2        38       270       269       141       274       306       304       813       774       814
 -1       520    6    0    1
 -2       332       181        98       329       779       616       342       345       815       382
 -1       521    6    0    1
 -2        49       332       329       153       338       345       344       688       777       816
 -1       522    6    0    1
 -2       268        30       133       271       282       633       817       284       278       773
 -1       523    6    0    1
 -2       270       113        68       269       776       686       276       306       818       307
 -1       524    6    0    1
 -2       330        90       331       173       369       337       367       819       683       770
 -1       525    6    0    1
 -2       331        57       521         2       335       820       768       334        67       782
 -1       526    6    0    1
 -2       270       443        38         1       775       821       274       272       781        48
 -1       527    6    0    1
 -2        11        76       444       271        86       822       784       281       280       772
 -1       528    6    0    1
 -2        98        12       522       332       108       786       823       342       341       778
 -1       529    6    0    1
 -2        21       331         8       521       333       824       202       783       768       532
 -1       530    6    0    1
 -2       271        14       444        87       825       457       772       279       601       785
 -1       531    6    0    1
 -2       270        18         5       443       273       200       826       775       780       453
 -1       532    6    0    1
 -2        15       332       522       109       827       778       536       603       340       787
 -1       533    6    0    1
 -2        21         4         8       331        23       201       202       333       336       824
 -1       534    6    0    1
 -2        14       271         9        87       825       277       600       601       279        89
 -1       535    6    0    1
 -2         3        18         5       270        20       200       199       275       273       826
 -1       536    6    0    1
 -2        10       332        15       109       339       827       602       111       340       603
 -1       537    6    0    1
 -2        16        98       522       181       615       823       535       191       616       538
 -1       538    6    0    1
 -2       271        76       444       121       280       822       772       771       614       459
 -1       539    6    0    1
 -2       161        57       521       331       611       820       533       769       335       768
 -1       540    6    0    1
 -2       181        98       522       332       616       823       538       779       342       778
 -1       541    6    0    1
 -2       141       443        38       270       456       821       813       774       775       274
 -1       542    6    0    1
 -2        16        12       522        98       607       786       535       615       108       823
 -1       543    6    0    1
 -2       268       121        75        76       811       612       321       322       614        85
 -1       544    6    0    1
 -2       330        56       161        57       365       609       812       364        66       611
 -1       545    6    0    1
 -2       160       161       528       330       170       564       563       757       812       828
 -1       546    6    0    1
 -2       120       450       121       268       486       485       130       758       829       811
 -1       547    6    0    1
 -2       160        56       161       330       621       609       170       757       365       812
 -1       548    6    0    1
 -2       120       121        75       268       130       612       620       758       811       321
 -1       549    6    0    1
 -2       521         8       173       331       532       182       534       768       824       770
 -1       550    6    0    1
 -2       444       133        14       271       460       142       457       772       773       825
 -1       551    6    0    1
 -2       449       141       140       269       464       150       468       830       814       752
 -1       552    6    0    1
 -2       527       180       181       329       546       190       542       831       754       815
 -1       553    6    0    1
 -2       268        31       133        30       283       632       817       282        40       633
 -1       554    6    0    1
 -2       330        90       174        91       369       635       761       368       100       625
 -1       555    6    0    1
 -2       269       114        68        69       766       640       307       308       642        78
 -1       556    6    0    1
 -2       329        49       154        50       344       637       764       343        59       639
 -1       557    6    0    1
 -2       443       113         5       270       455       122       453       775       776       826
 -1       558    6    0    1
 -2        15       153       522       332       162       537       536       827       777       778
 -1       559    6    0    1
 -2       323       177        95        94       715       643       376       377       645       104
 -1       560    6    0    1
 -2       328       174        92        91       760       623       370       371       625       101
 -1       561    6    0    1
 -2       266        32       134        31       286       626       763       285        41       628
 -1       562    6    0    1
 -2        54        55       158       326        64       646       648       359       358       728
 -1       563    6    0    1
 -2       265        36       138        35       298       649       723       297        45       650
 -1       564    6    0    1
 -2       324       178        96        95       725       655       378       379       657       105
 -1       565    6    0    1
 -2       324        51       156        52       350       629       747       349        61       631
 -1       566    6    0    1
 -2       155        51       156       324       673       629       165       674       350       747
 -1       567    6    0    1
 -2       262       137        33        34       730       652       291       292       654        43
 -1       568    6    0    1
 -2       267       140        36        37       753       658       300       301       660        46
 -1       569    6    0    1
 -2       327        96       180        97       381       661       755       380       106       663
 -1       570    6    0    1
 -2       325       176        94        93       748       666       374       375       668       103
 -1       571    6    0    1
 -2        52        53       156       323        62       664       631       353       352       746
 -1       572    6    0    1
 -2       262        33       137       136       291       652       730       678       676       146
 -1       573    6    0    1
 -2        56       160        55       328       621       669        65       361       756       362
 -1       574    6    0    1
 -2       266       120        74        75       759       671       319       320       620        84
 -1       575    6    0    1
 -2       173        90       174       330       683       635       183       819       369       761
 -1       576    6    0    1
 -2       113       114        68       269       123       640       686       818       766       307
 -1       577    6    0    1
 -2       268       134       133        31       762       143       817       283       628       632
 -1       578    6    0    1
 -2       153        49       154       329       688       637       163       816       344       764
 -1       579    6    0    1
 -2       450       134       133       268       488       143       491       829       762       817
 -1       580    6    0    1
 -2       449       114       113       269       461       123       462       830       766       818
 -1       581    6    0    1
 -2       528       173       174       330       569       183       566       828       819       761
 -1       582    6    0    1
 -2       527       153       154       329       539       163       540       831       816       764
 -1       583    6    0    1
 -2       175       174        92       328       184       623       682       739       760       370
 -1       584    6    0    1
 -2       135        32       134       266       679       626       144       745       286       763
 -1       585    6    0    1
 -2       323        95       177       178       376       643       715       726       657       187
 -1       586    6    0    1
 -2       139       140        36       267       149       658       693       711       753       300
 -1       587    6    0    1
 -2       179        96       180       327       690       661       189       713       381       755
 -1       588    6    0    1
 -2       179       178        96       324       188       655       690       712       725       378
 -1       589    6    0    1
 -2        55       159       158       326       696       168       646       358       717       728
 -1       590    6    0    1
 -2       265       139       138        36       710       148       723       298       693       649
 -1       591    6    0    1
 -2       177       176        94       325       186       666       645       714       748       374
 -1       592    6    0    1
 -2       323        53       156       157       352       664       746       734       700       166
 -1       593    6    0    1
 -2       328       160        55       159       756       669       362       716       169       696
 -1       594    6    0    1
 -2       266        74       120       119       319       671       759       722       701       129
 -1       595    6    0    1
 -2       114       269       449       140       766       830       461       467       752       468
 -1       596    6    0    1
 -2       329       180       154       527       754       545       764       831       546       540
 -1       597    6    0    1
 -2       268       134       120       450       762       487       758       829       488       486
 -1       598    6    0    1
 -2       528       174       160       330       566       565       563       828       761       757
 -1       599    6    0    1
 -2       331         4       173        90       336       706       770       337        99       683
 -1       600    6    0    1
 -2       332        10       153        49       339       708       777       338        58       688
 -1       601    6    0    1
 -2       270       113         3        68       776       704       275       276       686        77
 -1       602    6    0    1
 -2       331         8       173         4       824       182       770       336       201       706
 -1       603    6    0    1
 -2       270         3       113         5       275       704       776       826       199       122
 -1       604    6    0    1
 -2        15        10       153       332       602       708       162       827       339       777
 -1       605    6    0    1
 -2       327       529       525       155       833       550       832       675       544       548
 -1       606    6    0    1
 -2       324       327       525       155       351       832       834       674       675       548
 -1       607    6    0    1
 -2       446       263       448       136       836       835       481       493       677       496
 -1       608    6    0    1
 -2       136       263       448       262       677       835       496       678       293       837
 -1       609    6    0    1
 -2       179       529       525       327       579       550       578       713       833       832
 -1       610    6    0    1
 -2       135       446       136       263       494       493       145       744       836       677
 -1       611    6    0    1
 -2       266       452       446       119       839       484       838       722       483       479
 -1       612    6    0    1
 -2       155       156       525       324       165       549       548       674       747       834
 -1       613    6    0    1
 -2       179       327       525       324       713       832       578       712       351       834
 -1       614    6    0    1
 -2       325       524       526       158       841       559       840       727       555       557
 -1       615    6    0    1
 -2       446       135       452       266       494       492       484       838       745       839
 -1       616    6    0    1
 -2       158       526       325       326       557       840       727       728       842       360
 -1       617    6    0    1
 -2       263       266       446       119       290       838       836       721       722       479
 -1       618    6    0    1
 -2       116       447       265       445       474       843       743       470       475       844
 -1       619    6    0    1
 -2       445       447       265       138       475       843       844       500       497       723
 -1       620    6    0    1
 -2       323       178       523       525       726       576       845       846       577       553
 -1       621    6    0    1
 -2       116       265       447       264       743       843       474       742       299       847
 -1       622    6    0    1
 -2       138       447       265       264       497       843       723       724       847       299
 -1       623    6    0    1
 -2       325       526       524       176       840       559       841       748       572       573
 -1       624    6    0    1
 -2       178       323       324       525       726       354       725       577       846       834
 -1       625    6    0    1
 -2       118       448       263       262       476       835       718       720       837       293
 -1       626    6    0    1
 -2       135       446       263       266       494       836       744       745       838       290
 -1       627    6    0    1
 -2       118       263       448       446       718       835       476       480       836       481
 -1       628    6    0    1
 -2       447       117       264       262       473       732       847       848       731       296
 -1       629    6    0    1
 -2       447       137       448       262       498       495       478       848       730       837
 -1       630    6    0    1
 -2       448       137       136       262       495       146       496       837       730       678
 -1       631    6    0    1
 -2       447       448       117       262       478       477       473       848       837       731
 -1       632    6    0    1
 -2       326       526       325       176       842       840       360       749       572       748
 -1       633    6    0    1
 -2       264       137       447       262       729       498       847       296       730       848
 -1       634    6    0    1
 -2       325       177       524       523       714       574       841       849       575       556
 -1       635    6    0    1
 -2       154       155       529       327       164       544       543       765       675       833
 -1       636    6    0    1
 -2       523       156       323       525       551       746       845       553       549       846
 -1       637    6    0    1
 -2       325       523       524       157       849       556       841       735       552       554
 -1       638    6    0    1
 -2       156       324       323       525       747       354       746       549       834       846
 -1       639    6    0    1
 -2       325       323       523       157       357       845       849       735       734       552
 -1       640    6    0    1
 -2       177       523       325       323       575       849       714       715       845       357
 -1       641    6    0    1
 -2       159       530       526       326       560       562       558       717       850       842
 -1       642    6    0    1
 -2       265       139       267       451       710       711       302       851       501       852
 -1       643    6    0    1
 -2       445       139       265       451       499       710       844       472       501       851
 -1       644    6    0    1
 -2       328       530       159       326       853       560       716       363       850       717
 -1       645    6    0    1
 -2       326       530       526       175       850       562       842       740       570       571
 -1       646    6    0    1
 -2       115       445       265       451       471       844       737       465       472       851
 -1       647    6    0    1
 -2       328       175       530       326       739       570       853       363       740       850
 -1       648    6    0    1
 -2       265       267       115       451       302       738       737       851       852       465
 -1       649    6    0    1
 -2       451       140       139       267       469       149       501       852       753       711
 -1       650    6    0    1
 -2       529       179       180       327       579       189       547       833       713       755
 -1       651    6    0    1
 -2       445       116       115       265       470       125       471       844       743       737
 -1       652    6    0    1
 -2       526       175       176       326       571       185       572       842       740       749
 -1       653    6    0    1
 -2       159       160       530       328       169       561       560       716       756       853
 -1       654    6    0    1
 -2       119       452       120       266       483       482       129       722       839       759
 -1       655    6    0    1
 -2       523       177       178       323       575       187       576       845       715       726
 -1       656    6    0    1
 -2       447       138       137       264       497       147       498       847       724       729
 -1       657    6    0    1
 -2       117       448       118       262       477       476       127       731       837       720
 -1       658    6    0    1
 -2       530       174       175       328       567       184       570       853       760       739
 -1       659    6    0    1
 -2       452       135       134       266       492       144       489       839       745       763
 -1       660    6    0    1
 -2       524       176       177       325       573       186       574       841       748       714
 -1       661    6    0    1
 -2       447       117       116       264       473       126       474       847       732       742
 -1       662    6    0    1
 -2       157       158       524       325       167       555       554       735       727       841
 -1       663    6    0    1
 -2       526       158       159       326       557       168       558       842       728       717
 -1       664    6    0    1
 -2       525       178       179       324       577       188       578       834       725       712
 -1       665    6    0    1
 -2       446       119       118       263       479       128       480       836       721       718
 -1       666    6    0    1
 -2       114       451       115       267       466       465       124       767       852       738
 -1       667    6    0    1
 -2       445       139       138       265       499       148       500       844       710       723
 -1       668    6    0    1
 -2       156       157       523       323       166       552       551       746       734       845
 -1       669    6    0    1
 -2       207       161        38        57       792       854       215       216       611       260
 -1       670    6    0    1
 -2        38       161       208        57       854       610       255       260       611       261
 -1       671    6    0    1
 -2        35       210       158        54       246       647       855       247       249       648
 -1       672    6    0    1
 -2       159        36       211        55       856       251       703       696       252       254
 -1       673    6    0    1
 -2        34        53       209       157       242       243       241       857       700       803
 -1       674    6    0    1
 -2       390        94       117        72       424       858       807       422       423       733
 -1       675    6    0    1
 -2       391        95       178        73       430       657       656       427       428       859
 -1       676    6    0    1
 -2       212        34       157        53       235       857       699       244       242       700
 -1       677    6    0    1
 -2       117        94       393        72       858       425       808       733       423       416
 -1       678    6    0    1
 -2        35       158       209        54       855       805       240       247       648       248
 -1       679    6    0    1
 -2       179       392        96        74       691       435       690       860       432       433
 -1       680    6    0    1
 -2       390        73       178        95       421       859       692       429       428       657
 -1       681    6    0    1
 -2       116       385        71        93       798       411       741       861       419       418
 -1       682    6    0    1
 -2        50       134       205        31       862       627       228       227       628       226
 -1       683    6    0    1
 -2       135       204        51        32       864       233       863       679       231       232
 -1       684    6    0    1
 -2        69       386       114        91       407       801       642       408       409       865
 -1       685    6    0    1
 -2       391        74       179        96       426       860       697       434       433       690
 -1       686    6    0    1
 -2        49       153        30       203       688       866       223       220       709       219
 -1       687    6    0    1
 -2        68       173        90       387       867       683       404       403       684       405
 -1       688    6    0    1
 -2       175        70       385        92       868       412       802       682       413       414
 -1       689    6    0    1
 -2       206       153        30        49       689       866       222       224       688       223
 -1       690    6    0    1
 -2       210        36       159        55       245       856       695       253       252       696
 -1       691    6    0    1
 -2       173        68        90       384       867       404       683       707       396       397
 -1       692    6    0    1
 -2        52       204       156        33       238       630       631       237       230       869
 -1       693    6    0    1
 -2       134        50       206        31       862       229       687       628       227       221
 -1       694    6    0    1
 -2       386        70       175        92       406       868       681       415       413       682
 -1       695    6    0    1
 -2       205       135        51        32       680       863       234       225       679       232
 -1       696    6    0    1
 -2        71       393       116        93       417       809       741       418       420       861
 -1       697    6    0    1
 -2        69        91       114       387       408       865       642       402       410       641
 -1       698    6    0    1
 -2       207        38       161       141       215       854       792       789       813       503
 -1       699    6    0    1
 -2        98       181       388        76       616       617       401       441       870       400
 -1       700    6    0    1
 -2        98       389       181        76       442       793       616       441       436       870
 -1       701    6    0    1
 -2       389        97       120        75       439       871       619       437       438       620
 -1       702    6    0    1
 -2       208       160        37        56       622       872       256       258       621       257
 -1       703    6    0    1
 -2       212        52       156        33       239       631       665       236       237       869
 -1       704    6    0    1
 -2       208        38       141       161       255       813       794       610       854       503
 -1       705    6    0    1
 -2       121       181       389        76       583       793       613       614       870       436
 -1       706    6    0    1
 -2       392       120        97        75       672       871       440       431       620       438
 -1       707    6    0    1
 -2       160       211        37        56       670       250       872       621       259       257
 -1       708    6    0    1
 -2       392        74       179       119       432       860       691       702       701       595
 -1       709    6    0    1
 -2       391        73       178       118       427       859       656       810       719       593
 -1       710    6    0    1
 -2       138       158        35       210       515       855       650       651       647       246
 -1       711    6    0    1
 -2        34       157       209       137       857       803       241       654       513       806
 -1       712    6    0    1
 -2       390       117        94       177       807       858       424       644       591       645
 -1       713    6    0    1
 -2        35       138       209       158       650       804       240       855       515       805
 -1       714    6    0    1
 -2       212       157        34       137       699       857       235       653       513       654
 -1       715    6    0    1
 -2       393        94       117       177       425       858       808       698       645       591
 -1       716    6    0    1
 -2        30       203       153       133       219       709       866       633       795       505
 -1       717    6    0    1
 -2       114        91       386       174       865       409       801       585       625       624
 -1       718    6    0    1
 -2       205        50       154       134       228       639       800       627       862       507
 -1       719    6    0    1
 -2       116       176       385        93       589       797       798       861       668       419
 -1       720    6    0    1
 -2       210       159        36       139       695       856       245       694       517       693
 -1       721    6    0    1
 -2       113       173        68       387       581       867       686       685       684       403
 -1       722    6    0    1
 -2        68       173       113       384       867       581       686       396       707       705
 -1       723    6    0    1
 -2       206        30       153       133       222       866       689       634       633       505
 -1       724    6    0    1
 -2       385       115        70       175       799       736       412       802       587       868
 -1       725    6    0    1
 -2        91       174       114       387       625       585       865       410       636       641
 -1       726    6    0    1
 -2       206       154        50       134       638       639       229       687       507       862
 -1       727    6    0    1
 -2       176       116       393        93       589       809       667       668       861       420
 -1       728    6    0    1
 -2       180        97       392       120       663       440       662       597       871       672
 -1       729    6    0    1
 -2       140       211        37       160       659       250       660       519       670       872
 -1       730    6    0    1
 -2        10        14        15       203       599       152       602       218       796       750
 -1       731    6    0    1
 -2         9        14        10       203       600       599        29       217       796       218
 -1       732    6    0    1
 -2         3         5         4       384       199       198        24       394       751       395
 -1       733    6    0    1
 -2       388        12        13        16       398       605       791       618       607       192
 -1       734    6    0    1
 -2         6         2         7       207       194       196        26       788       213       790
 -1       735    6    0    1
 -2         2         6         1       207       194       193        17       213       788       214
 -1       736    6    0    1
 -2       388        13        12        11       791       605       398       399       604       112
 -1       737    6    0    1
 -2       522        16        15       109       535       172       536       787       608       603
 -1       738    6    0    1
 -2       521         7         8        21       531        27       532       783       197       202
 -1       739    6    0    1
 -2       443         5         6        18       453        25       454       780       200       195
 -1       740    6    0    1
 -2       444        14        13        87       457       132       458       785       601       606
 -1       741    6    0    1
 -2       135       263        33        32       744       289       873       679       288        42
 -1       742    6    0    1
 -2        33       263       135       136       289       744       873       676       677       145
 -1       743    6    0    1
 -2        33       204       135        32       230       864       873        42       231       679
 -1       744    6    0    1
 -2       154       327        51       155       765       346       874       164       675       673
 -1       745    6    0    1
 -2        51       327       154        50       346       765       874        60       347       639
 -1       746    6    0    1
 -2       154       205        51        50       800       234       874       639       228        60
 -1       747    6    0    1
 -2       141       208        37        38       794       256       875       813       255        47
 -1       748    6    0    1
 -2        37       269       141        38       303       814       875        47       304       813
 -1       749    6    0    1
 -2       141       269        37       140       814       303       875       150       752       660
 -1       750    6    0    1
 -2       181       329        97        98       815       383       876       616       382       107
 -1       751    6    0    1
 -2        97       329       181       180       383       815       876       663       754       190
 -1       752    6    0    1
 -2        97       389       181        98       439       793       876       107       442       616
 -1       753    6    0    1
 -2       114       267        70        69       767       310       877       642       309        79
 -1       754    6    0    1
 -2        70       267       114       115       310       767       877       736       738       124
 -1       755    6    0    1
 -2        70       386       114        69       406       801       877        79       407       642
 -1       756    6    0    1
 -2       135       156        51       204       509       629       863       864       630       233
 -1       757    6    0    1
 -2        51       156       135       155       629       509       863       673       165       511
 -1       758    6    0    1
 -2       175       326        93       176       740       372       878       185       749       668
 -1       759    6    0    1
 -2        93       326       175        92       372       740       878       102       373       682
 -1       760    6    0    1
 -2        93       385       175       176       419       802       878       668       797       185
 -1       761    6    0    1
 -2       175       385        93        92       802       419       878       682       414       102
 -1       762    6    0    1
 -2         9       203       133        14       217       795       879       600       796       142
 -1       763    6    0    1
 -2       133       203         9        30       795       217       879       633       219        39
 -1       764    6    0    1
 -2       133       271         9        14       773       277       879       142       825       600
 -1       765    6    0    1
 -2         9       271       133        30       277       773       879        39       278       633
 -1       766    6    0    1
 -2       117       262        73        72       731       316       880       733       315        82
 -1       767    6    0    1
 -2        73       262       117       118       316       731       880       719       720       127
 -1       768    6    0    1
 -2        73       390       117        72       421       807       880        82       422       733
 -1       769    6    0    1
 -2       157       325        54       158       735       355       881       167       727       648
 -1       770    6    0    1
 -2        54       325       157        53       355       735       881        63       356       700
 -1       771    6    0    1
 -2        54       209       157       158       248       803       881       648       805       167
 -1       772    6    0    1
 -2       157       209        54        53       803       248       881       700       243        63
 -1       773    6    0    1
 -2       137       264        35        34       729       295       882       654       294        44
 -1       774    6    0    1
 -2        35       264       137       138       295       729       882       650       724       147
 -1       775    6    0    1
 -2        35       209       137        34       240       806       882        44       241       654
 -1       776    6    0    1
 -2       137       209        35       138       806       240       882       147       804       650
 -1       777    6    0    1
 -2        74       391       118        73       426       810       883        83       427       719
 -1       778    6    0    1
 -2        74       263       118       119       318       718       883       701       721       128
 -1       779    6    0    1
 -2       118       263        74        73       718       318       883       719       317        83
 -1       780    6    0    1
 -2       116       264        72        71       742       314       884       741       313        81
 -1       781    6    0    1
 -2        72       264       116       117       314       742       884       733       732       126
 -1       782    6    0    1
 -2        72       393       116        71       416       809       884        81       417       741
 -1       783    6    0    1
 -2       116       393        72       117       809       416       884       126       808       733
 -1       784    6    0    1
 -2       156       137        33       136       512       652       869       510       146       676
 -1       785    6    0    1
 -2        33       137       156       212       652       512       869       236       653       665
 -1       786    6    0    1
 -2       159        36       140       211       856       658       518       703       251       659
 -1       787    6    0    1
 -2       140        36       159       139       658       856       518       149       693       517
 -1       788    6    0    1
 -2         5         4       173         8       198       706       580        28       201       182
 -1       789    6    0    1
 -2       173         4         5       384       706       198       580       707       395       751
 -1       790    6    0    1
 -2         7       521        57         2       531       820       885       196       782        67
 -1       791    6    0    1
 -2        57       521         7       161       820       531       885       611       533       171
 -1       792    6    0    1
 -2        57       207         7         2       216       790       885        67       213       196
 -1       793    6    0    1
 -2         7       207        57       161       790       216       885       171       792       611
 -1       794    6    0    1
 -2        13       388        76        11       791       400       886       604       399        86
 -1       795    6    0    1
 -2        76       444        13        11       822       458       886        86       784       604
 -1       796    6    0    1
 -2        13       444        76       121       458       822       886       131       459       614
 -1       797    6    0    1
 -2        38       207         6       141       215       788       887       813       789       151
 -1       798    6    0    1
 -2         6       207        38         1       788       215       887       193       214        48
 -1       799    6    0    1
 -2         6       443        38       141       454       821       887       151       456       813
 -1       800    6    0    1
 -2        38       443         6         1       821       454       887        48       781       193
 -1       801    6    0    1
 -2       330       173       161       528       819       568       812       828       569       564
 -1       802    6    0    1
 -2       173       330       161       331       819       812       568       770       367       769
 -1       803    6    0    1
 -2       268       121       133       450       811       490       817       829       485       491
 -1       804    6    0    1
 -2       133       121       268       271       490       811       817       773       771       284
 -1       805    6    0    1
 -2       269       141       113       449       814       463       818       830       464       462
 -1       806    6    0    1
 -2       113       141       269       270       463       814       818       776       774       306
 -1       807    6    0    1
 -2       329       153       181       527       816       541       815       831       539       542
 -1       808    6    0    1
 -2       181       153       329       332       541       816       815       779       777       345
 -1       809    6    0    1
 -2        76       181        13       121       870       582       886       614       583       131
 -1       810    6    0    1
 -2        13       181        76       388       582       870       886       791       617       400
 -1       811    6    0    1
 -2        51       154       135       205       874       508       863       234       800       680
 -1       812    6    0    1
 -2       135       154        51       155       508       874       863       511       164       673
 -1       813    6    0    1
 -2        33       135       156       136       873       509       869       676       145       510
 -1       814    6    0    1
 -2       156       135        33       204       509       873       869       630       864       230
 -1       815    6    0    1
 -2        97       181       120       180       876       598       871       663       190       597
 -1       816    6    0    1
 -2       181        97       120       389       876       871       598       793       439       619
 -1       817    6    0    1
 -2        37       160       141       140       872       520       875       660       519       150
 -1       818    6    0    1
 -2       141       160        37       208       520       872       875       794       622       256
 -1       819    6    0    1
 -2        70       114       175       115       877       586       868       736       124       587
 -1       820    6    0    1
 -2       175       114        70       386       586       877       868       681       801       406
 -1       821    6    0    1
 -2        73       117       178       118       880       592       859       719       127       593
 -1       822    6    0    1
 -2       178       117        73       390       592       880       859       692       807       421
 -1       823    6    0    1
 -2        74       118       179       119       883       594       860       701       128       595
 -1       824    6    0    1
 -2       179       118        74       391       594       883       860       697       810       426
 -1       825    6    0    1
 -2       267       114       140       269       767       467       753       305       766       752
 -1       826    6    0    1
 -2       140       114       267       451       467       767       753       469       466       852
 -1       827    6    0    1
 -2       327       154       180       529       765       545       755       833       543       547
 -1       828    6    0    1
 -2       180       154       327       329       545       765       755       754       764       348
 -1       829    6    0    1
 -2       266       134       120       268       763       487       759       287       762       758
 -1       830    6    0    1
 -2       120       134       266       452       487       763       759       482       489       839
 -1       831    6    0    1
 -2       328       160       174       330       756       565       760       366       757       761
 -1       832    6    0    1
 -2       160       328       174       530       756       760       565       561       853       567
 -1       833    6    0    1
 -2       115       265        71        70       737       312       888       736       311        80
 -1       834    6    0    1
 -2        71       265       115       116       312       737       888       741       743       125
 -1       835    6    0    1
 -2        71       385       115        70       411       799       888        80       412       736
 -1       836    6    0    1
 -2       115       385        71       116       799       411       888       125       798       741
 -3
    1PSTEP                         1           1           1          
  100CL  101 1.000000000         888                     0    1           1
 -4  DISP        4    1
 -5  D1          1    2    1    0
 -5  D2          1    2    2    0
 -5  D3          1    2    3    0
 -5  ALL         1    2    0    0    1ALL
 -1         1 6.56026E-04 1.60849E-05-5.74345E-06
 -1         2 6.56006E-04 1.60643E-05 5.14189E-06
 -1         3 6.56122E-04-1.65711E-05-5.80523E-06
 -1         4 6.56101E-04-1.65917E-05 5.08011E-06
 -1         5 6.56100E-04-1.11346E-05-2.52933E-06
 -1         6 6.56036E-04 1.06361E-05-2.48814E-06
 -1         7 6.56028E-04 1.06278E-05 1.86599E-06
 -1         8 6.56092E-04-1.11428E-05 1.82481E-06
 -1         9 0.00000E+00 0.00000E+00 0.00000E+00
 -1        10 0.00000E+00 0.00000E+00 0.00000E+00
 -1        11 0.00000E+00 0.00000E+00 0.00000E+00
 -1        12 0.00000E+00 0.00000E+00 0.00000E+00
 -1        13 0.00000E+00 0.00000E+00 0.00000E+00
 -1        14 0.00000E+00 0.00000E+00 0.00000E+00
 -1        15 0.00000E+00 0.00000E+00 0.00000E+00
 -1        16 0.00000E+00 0.00000E+00 0.00000E+00
 -1        17 6.56016E-04 1.60746E-05-3.00779E-07
 -1        18 6.56074E-04-2.43088E-07-5.77434E-06
 -1        19 6.56050E-04 7.92092E-06-5.75889E-06
 -1        20 6.56098E-04-8.40709E-06-5.78979E-06
 -1        21 6.56054E-04-2.63682E-07 5.11100E-06
 -1        22 6.56030E-04 7.90032E-06 5.12645E-06
 -1        23 6.56078E-04-8.42769E-06 5.09556E-06
 -1        24 6.56112E-04-1.65814E-05-3.62560E-07
 -1        25 6.56068E-04-2.49266E-07-2.50874E-06
 -1        26 6.56032E-04 1.06320E-05-3.11075E-07
 -1        27 6.56060E-04-2.57504E-07 1.84540E-06
 -1        28 6.56096E-04-1.11387E-05-3.52263E-07
 -1        29 0.00000E+00 0.00000E+00 0.00000E+00
 -1        30 6.30121E-05 1.70142E-05-5.07983E-06
 -1        31 1.28238E-04 1.66744E-05-5.43301E-06
 -1        32 1.94221E-04 1.65309E-05-5.45739E-06
 -1        33 2.60196E-04 1.64655E-05-5.50091E-06
 -1        34 3.26168E-04 1.64024E-05-5.54043E-06
 -1        35 3.92139E-04 1.63389E-05-5.58100E-06
 -1        36 4.58111E-04 1.62754E-05-5.62161E-06
 -1        37 5.24083E-04 1.62119E-05-5.66222E-06
 -1        38 5.90055E-04 1.61484E-05-5.70283E-06
 -1        39 3.14734E-05 1.29286E-05-4.93123E-06
 -1        40 9.54585E-05 1.69109E-05-5.24933E-06
 -1        41 1.61225E-04 1.65622E-05-5.44577E-06
 -1        42 2.27209E-04 1.64984E-05-5.47981E-06
 -1        43 2.93182E-04 1.64340E-05-5.52056E-06
 -1        44 3.59153E-04 1.63706E-05-5.56069E-06
 -1        45 4.25125E-04 1.63071E-05-5.60130E-06
 -1        46 4.91097E-04 1.62436E-05-5.64191E-06
 -1        47 5.57069E-04 1.61802E-05-5.68253E-06
 -1        48 6.23041E-04 1.61167E-05-5.72314E-06
 -1        49 6.29032E-05 1.68527E-05 5.27425E-06
 -1        50 1.28207E-04 1.66629E-05 5.49647E-06
 -1        51 1.94200E-04 1.65068E-05 5.42469E-06
 -1        52 2.60176E-04 1.64444E-05 5.38550E-06
 -1        53 3.26147E-04 1.63818E-05 5.34478E-06
 -1        54 3.92119E-04 1.63183E-05 5.30434E-06
 -1        55 4.58091E-04 1.62548E-05 5.26374E-06
 -1        56 5.24063E-04 1.61913E-05 5.22312E-06
 -1        57 5.90034E-04 1.61278E-05 5.18251E-06
 -1        58 3.15686E-05 1.30777E-05 5.04458E-06
 -1        59 9.54453E-05 1.68441E-05 5.41240E-06
 -1        60 1.61201E-04 1.65412E-05 5.45532E-06
 -1        61 2.27189E-04 1.64758E-05 5.40439E-06
 -1        62 2.93162E-04 1.64132E-05 5.36520E-06
 -1        63 3.59133E-04 1.63500E-05 5.32460E-06
 -1        64 4.25105E-04 1.62865E-05 5.28404E-06
 -1        65 4.91077E-04 1.62230E-05 5.24343E-06
 -1        66 5.57048E-04 1.61596E-05 5.20281E-06
 -1        67 6.23020E-04 1.60961E-05 5.16220E-06
 -1        68 5.90150E-04-1.65076E-05-5.76461E-06
 -1        69 5.24178E-04-1.64441E-05-5.72400E-06
 -1        70 4.58206E-04-1.63806E-05-5.68338E-06
 -1        71 3.92235E-04-1.63171E-05-5.64275E-06
 -1        72 3.26263E-04-1.62537E-05-5.60200E-06
 -1        73 2.60291E-04-1.61895E-05-5.56132E-06
 -1        74 1.94317E-04-1.61282E-05-5.51556E-06
 -1        75 1.28318E-04-1.61373E-05-5.52342E-06
 -1        76 6.31150E-05-1.64418E-05-5.28774E-06
 -1        77 6.23136E-04-1.65394E-05-5.78492E-06
 -1        78 5.57164E-04-1.64759E-05-5.74431E-06
 -1        79 4.91192E-04-1.64124E-05-5.70369E-06
 -1        80 4.25220E-04-1.63489E-05-5.66307E-06
 -1        81 3.59249E-04-1.62854E-05-5.62240E-06
 -1        82 2.93277E-04-1.62217E-05-5.58173E-06
 -1        83 2.27305E-04-1.61589E-05-5.53863E-06
 -1        84 1.61311E-04-1.60928E-05-5.50651E-06
 -1        85 9.56111E-05-1.63869E-05-5.31559E-06
 -1        86 3.05381E-05-1.25880E-05-4.75068E-06
 -1        87 0.00000E+00 0.00000E+00 0.00000E+00
 -1        88 0.00000E+00 0.00000E+00 0.00000E+00
 -1        89 0.00000E+00 0.00000E+00 0.00000E+00
 -1        90 5.90130E-04-1.65282E-05 5.12073E-06
 -1        91 5.24158E-04-1.64647E-05 5.16134E-06
 -1        92 4.58186E-04-1.64012E-05 5.20196E-06
 -1        93 3.92214E-04-1.63378E-05 5.24259E-06
 -1        94 3.26243E-04-1.62744E-05 5.28323E-06
 -1        95 2.60271E-04-1.62104E-05 5.32484E-06
 -1        96 1.94295E-04-1.61490E-05 5.36463E-06
 -1        97 1.28328E-04-1.61703E-05 5.39898E-06
 -1        98 6.32935E-05-1.64628E-05 5.08251E-06
 -1        99 6.23116E-04-1.65600E-05 5.10042E-06
 -1       100 5.57144E-04-1.64965E-05 5.14103E-06
 -1       101 4.91172E-04-1.64330E-05 5.18165E-06
 -1       102 4.25200E-04-1.63695E-05 5.22227E-06
 -1       103 3.59228E-04-1.63060E-05 5.26290E-06
 -1       104 2.93257E-04-1.62425E-05 5.30389E-06
 -1       105 2.27284E-04-1.61795E-05 5.34424E-06
 -1       106 1.61301E-04-1.61208E-05 5.38766E-06
 -1       107 9.56353E-05-1.63831E-05 5.20985E-06
 -1       108 3.03764E-05-1.24528E-05 4.67986E-06
 -1       109 0.00000E+00 0.00000E+00 0.00000E+00
 -1       110 0.00000E+00 0.00000E+00 0.00000E+00
 -1       111 0.00000E+00 0.00000E+00 0.00000E+00
 -1       112 0.00000E+00 0.00000E+00 0.00000E+00
 -1       113 5.90128E-04-1.10711E-05-2.48872E-06
 -1       114 5.24156E-04-1.10076E-05-2.44810E-06
 -1       115 4.58184E-04-1.09441E-05-2.40748E-06
 -1       116 3.92213E-04-1.08807E-05-2.36684E-06
 -1       117 3.26241E-04-1.08171E-05-2.32614E-06
 -1       118 2.60269E-04-1.07534E-05-2.28461E-06
 -1       119 1.94295E-04-1.06867E-05-2.24611E-06
 -1       120 1.28342E-04-1.07399E-05-2.21128E-06
 -1       121 6.24764E-05-1.03551E-05-2.55513E-06
 -1       122 6.23114E-04-1.11029E-05-2.50902E-06
 -1       123 5.57142E-04-1.10394E-05-2.46841E-06
 -1       124 4.91170E-04-1.09759E-05-2.42779E-06
 -1       125 4.25199E-04-1.09124E-05-2.38717E-06
 -1       126 3.59227E-04-1.08489E-05-2.34651E-06
 -1       127 2.93255E-04-1.07854E-05-2.30554E-06
 -1       128 2.27283E-04-1.07205E-05-2.26525E-06
 -1       129 1.61311E-04-1.06641E-05-2.21803E-06
 -1       130 9.53968E-05-1.08017E-05-2.25677E-06
 -1       131 2.89862E-05-7.86433E-06-2.33556E-06
 -1       132 0.00000E+00 0.00000E+00 0.00000E+00
 -1       133 6.26822E-05 1.13420E-05-2.20074E-06
 -1       134 1.28282E-04 1.12508E-05-2.13807E-06
 -1       135 1.94232E-04 1.10779E-05-2.20808E-06
 -1       136 2.60206E-04 1.10169E-05-2.24479E-06
 -1       137 3.26177E-04 1.09535E-05-2.28524E-06
 -1       138 3.92149E-04 1.08900E-05-2.32570E-06
 -1       139 4.58121E-04 1.08265E-05-2.36630E-06
 -1       140 5.24093E-04 1.07630E-05-2.40691E-06
 -1       141 5.90064E-04 1.06996E-05-2.44753E-06
 -1       142 2.85278E-05 7.94405E-06-2.30409E-06
 -1       143 9.53480E-05 1.14108E-05-2.12717E-06
 -1       144 1.61250E-04 1.11221E-05-2.17717E-06
 -1       145 2.27220E-04 1.10482E-05-2.22685E-06
 -1       146 2.93191E-04 1.09853E-05-2.26502E-06
 -1       147 3.59163E-04 1.09218E-05-2.30543E-06
 -1       148 4.25135E-04 1.08583E-05-2.34600E-06
 -1       149 4.91107E-04 1.07948E-05-2.38661E-06
 -1       150 5.57079E-04 1.07313E-05-2.42722E-06
 -1       151 6.23050E-04 1.06678E-05-2.46784E-06
 -1       152 0.00000E+00 0.00000E+00 0.00000E+00
 -1       153 6.24878E-05 1.12058E-05 2.28752E-06
 -1       154 1.28269E-04 1.12384E-05 2.18228E-06
 -1       155 1.94224E-04 1.10695E-05 2.15157E-06
 -1       156 2.60198E-04 1.10086E-05 2.10842E-06
 -1       157 3.26169E-04 1.09453E-05 2.06896E-06
 -1       158 3.92141E-04 1.08818E-05 2.02843E-06
 -1       159 4.58113E-04 1.08183E-05 1.98784E-06
 -1       160 5.24085E-04 1.07548E-05 1.94722E-06
 -1       161 5.90056E-04 1.06913E-05 1.90661E-06
 -1       162 2.89140E-05 8.24830E-06 2.41867E-06
 -1       163 9.53083E-05 1.13892E-05 2.21826E-06
 -1       164 1.61240E-04 1.11101E-05 2.16539E-06
 -1       165 2.27212E-04 1.10389E-05 2.12893E-06
 -1       166 2.93183E-04 1.09770E-05 2.08888E-06
 -1       167 3.59155E-04 1.09135E-05 2.04873E-06
 -1       168 4.25127E-04 1.08500E-05 2.00814E-06
 -1       169 4.91099E-04 1.07866E-05 1.96753E-06
 -1       170 5.57070E-04 1.07231E-05 1.92692E-06
 -1       171 6.23042E-04 1.06596E-05 1.88630E-06
 -1       172 0.00000E+00 0.00000E+00 0.00000E+00
 -1       173 5.90120E-04-1.10794E-05 1.86542E-06
 -1       174 5.24148E-04-1.10159E-05 1.90604E-06
 -1       175 4.58176E-04-1.09524E-05 1.94666E-06
 -1       176 3.92205E-04-1.08889E-05 1.98729E-06
 -1       177 3.26233E-04-1.08254E-05 2.02807E-06
 -1       178 2.60261E-04-1.07619E-05 2.06891E-06
 -1       179 1.94288E-04-1.06957E-05 2.11483E-06
 -1       180 1.28348E-04-1.07454E-05 2.12831E-06
 -1       181 6.25659E-05-1.04310E-05 2.33822E-06
 -1       182 6.23106E-04-1.11111E-05 1.84511E-06
 -1       183 5.57134E-04-1.10476E-05 1.88573E-06
 -1       184 4.91162E-04-1.09841E-05 1.92635E-06
 -1       185 4.25190E-04-1.09206E-05 1.96697E-06
 -1       186 3.59219E-04-1.08572E-05 2.00765E-06
 -1       187 2.93247E-04-1.07937E-05 2.04842E-06
 -1       188 2.27275E-04-1.07293E-05 2.09105E-06
 -1       189 1.61306E-04-1.06768E-05 2.12882E-06
 -1       190 9.54006E-05-1.08211E-05 2.14358E-06
 -1       191 2.88093E-05-7.70949E-06 2.16966E-06
 -1       192 0.00000E+00 0.00000E+00 0.00000E+00
 -1       193 6.56031E-04 1.33605E-05-4.11580E-06
 -1       194 6.56021E-04 1.33502E-05 1.32687E-06
 -1       195 6.56055E-04 5.19649E-06-4.13124E-06
 -1       196 6.56017E-04 1.33461E-05 3.50394E-06
 -1       197 6.56041E-04 5.18208E-06 3.48850E-06
 -1       198 6.56101E-04-1.38632E-05 1.27539E-06
 -1       199 6.56111E-04-1.38529E-05-4.16728E-06
 -1       200 6.56087E-04-5.68885E-06-4.15184E-06
 -1       201 6.56096E-04-1.38673E-05 3.45246E-06
 -1       202 6.56073E-04-5.70326E-06 3.46790E-06
 -1       203 3.14633E-05 1.31722E-05 4.30292E-08
 -1       204 2.27200E-04 1.64863E-05-3.76537E-08
 -1       205 1.61211E-04 1.65616E-05 4.64801E-09
 -1       206 9.53928E-05 1.68143E-05 6.73222E-08
 -1       207 6.23030E-04 1.61064E-05-2.80471E-07
 -1       208 5.57059E-04 1.61699E-05-2.39856E-07
 -1       209 3.59143E-04 1.63603E-05-1.18050E-07
 -1       210 4.25115E-04 1.62968E-05-1.58630E-07
 -1       211 4.91087E-04 1.62333E-05-1.99241E-07
 -1       212 2.93172E-04 1.64238E-05-7.76987E-08
 -1       213 6.39518E-04 1.60854E-05 2.43071E-06
 -1       214 6.39528E-04 1.60956E-05-3.01196E-06
 -1       215 6.06543E-04 1.61274E-05-2.99165E-06
 -1       216 6.06532E-04 1.61171E-05 2.45102E-06
 -1       217 1.53516E-05 9.07750E-06-1.49298E-06
 -1       218 1.53337E-05 9.08703E-06 1.44395E-06
 -1       219 4.72540E-05 1.56381E-05-2.68767E-06
 -1       220 4.72195E-05 1.56987E-05 2.86231E-06
 -1       221 1.11770E-04 1.67982E-05-2.64764E-06
 -1       222 7.91183E-05 1.68450E-05-2.52692E-06
 -1       223 6.30431E-05 1.65520E-05 1.10323E-07
 -1       224 7.90949E-05 1.68160E-05 2.68884E-06
 -1       225 1.77718E-04 1.65347E-05-2.72895E-06
 -1       226 1.44719E-04 1.66165E-05-2.71250E-06
 -1       227 1.28207E-04 1.66920E-05 3.47924E-08
 -1       228 1.44704E-04 1.66055E-05 2.74730E-06
 -1       229 1.11757E-04 1.67744E-05 2.76780E-06
 -1       230 2.43698E-04 1.64765E-05-2.76904E-06
 -1       231 2.10711E-04 1.65077E-05-2.74794E-06
 -1       232 1.94213E-04 1.65168E-05-1.68180E-08
 -1       233 2.10701E-04 1.64960E-05 2.69325E-06
 -1       234 1.77706E-04 1.65226E-05 2.71654E-06
 -1       235 3.09670E-04 1.64131E-05-2.80911E-06
 -1       236 2.76684E-04 1.64448E-05-2.78925E-06
 -1       237 2.60186E-04 1.64553E-05-5.77736E-08
 -1       238 2.43688E-04 1.64656E-05 2.67348E-06
 -1       239 2.76674E-04 1.64344E-05 2.65383E-06
 -1       240 3.75641E-04 1.63496E-05-2.84951E-06
 -1       241 3.42655E-04 1.63813E-05-2.82924E-06
 -1       242 3.26157E-04 1.63921E-05-9.78248E-08
 -1       243 3.42645E-04 1.63710E-05 2.61338E-06
 -1       244 3.09660E-04 1.64028E-05 2.63363E-06
 -1       245 4.41613E-04 1.62861E-05-2.89012E-06
 -1       246 4.08627E-04 1.63179E-05-2.86982E-06
 -1       247 3.92129E-04 1.63286E-05-1.38332E-07
 -1       248 3.75631E-04 1.63393E-05 2.59315E-06
 -1       249 4.08617E-04 1.63076E-05 2.57286E-06
 -1       250 5.07585E-04 1.62226E-05-2.93073E-06
 -1       251 4.74599E-04 1.62544E-05-2.91042E-06
 -1       252 4.58101E-04 1.62651E-05-1.78935E-07
 -1       253 4.41603E-04 1.62758E-05 2.55255E-06
 -1       254 4.74589E-04 1.62441E-05 2.53225E-06
 -1       255 5.73557E-04 1.61591E-05-2.97134E-06
 -1       256 5.40571E-04 1.61909E-05-2.95104E-06
 -1       257 5.24073E-04 1.62016E-05-2.19548E-07
 -1       258 5.40561E-04 1.61806E-05 2.49163E-06
 -1       259 5.07575E-04 1.62123E-05 2.51194E-06
 -1       260 5.90045E-04 1.61381E-05-2.60163E-07
 -1       261 5.73547E-04 1.61488E-05 2.47133E-06
 -1       262 2.93230E-04 1.06021E-07-5.54998E-06
 -1       263 2.27257E-04 1.69890E-07-5.51789E-06
 -1       264 3.59201E-04 4.25827E-08-5.59165E-06
 -1       265 4.25173E-04-2.08886E-08-5.63218E-06
 -1       266 1.61303E-04 2.36921E-07-5.46384E-06
 -1       267 4.91145E-04-8.43727E-08-5.67280E-06
 -1       268 9.63836E-05 4.10852E-07-5.46645E-06
 -1       269 5.55714E-04-2.23644E-07-5.71270E-06
 -1       270 6.06598E-04-1.10259E-06-5.74559E-06
 -1       271 4.49943E-05 1.09479E-06-5.94851E-06
 -1       272 6.31312E-04 7.49117E-06-5.74452E-06
 -1       273 6.31336E-04-6.72837E-07-5.75997E-06
 -1       274 5.98326E-04 7.52291E-06-5.72421E-06
 -1       275 6.31360E-04-8.83684E-06-5.77541E-06
 -1       276 5.98374E-04-8.80510E-06-5.75510E-06
 -1       277 2.06354E-05 4.91742E-06-5.35782E-06
 -1       278 5.34158E-05 8.77178E-06-5.72983E-06
 -1       279 2.04557E-05 5.41193E-07-6.49250E-06
 -1       280 5.35162E-05-7.05828E-06-6.11302E-06
 -1       281 2.13020E-05-4.69355E-06-5.86297E-06
 -1       282 7.94265E-05 8.81248E-06-5.42803E-06
 -1       283 1.12460E-04 8.64057E-06-5.38955E-06
 -1       284 7.06126E-05 8.47443E-07-5.77193E-06
 -1       285 1.44777E-04 8.43052E-06-5.41271E-06
 -1       286 1.77763E-04 8.38160E-06-5.46854E-06
 -1       287 1.28975E-04 3.03773E-07-5.37899E-06
 -1       288 2.10741E-04 8.35162E-06-5.49140E-06
 -1       289 2.43726E-04 8.31788E-06-5.50671E-06
 -1       290 1.94274E-04 2.02642E-07-5.50453E-06
 -1       291 2.76713E-04 8.28562E-06-5.52529E-06
 -1       292 3.09698E-04 8.25416E-06-5.54574E-06
 -1       293 2.60243E-04 1.37811E-07-5.53070E-06
 -1       294 3.42684E-04 8.22249E-06-5.56609E-06
 -1       295 3.75670E-04 8.19074E-06-5.58632E-06
 -1       296 3.26215E-04 7.43069E-08-5.57115E-06
 -1       297 4.08656E-04 8.15899E-06-5.60660E-06
 -1       298 4.41642E-04 8.12725E-06-5.62690E-06
 -1       299 3.92187E-04 1.08510E-08-5.61189E-06
 -1       300 4.74628E-04 8.09551E-06-5.64720E-06
 -1       301 5.07614E-04 8.06376E-06-5.66751E-06
 -1       302 4.58159E-04-5.26299E-08-5.65249E-06
 -1       303 5.39899E-04 7.99413E-06-5.68746E-06
 -1       304 5.72884E-04 7.96238E-06-5.70777E-06
 -1       305 5.23429E-04-1.54008E-07-5.69275E-06
 -1       306 5.81156E-04-6.63115E-07-5.72915E-06
 -1       307 5.72932E-04-8.36563E-06-5.73866E-06
 -1       308 5.39946E-04-8.33389E-06-5.71835E-06
 -1       309 5.07661E-04-8.26425E-06-5.69840E-06
 -1       310 4.74676E-04-8.23251E-06-5.67809E-06
 -1       311 4.41690E-04-8.20076E-06-5.65778E-06
 -1       312 4.08704E-04-8.16902E-06-5.63746E-06
 -1       313 3.75718E-04-8.13729E-06-5.61715E-06
 -1       314 3.42732E-04-8.10555E-06-5.59681E-06
 -1       315 3.09746E-04-8.07373E-06-5.57623E-06
 -1       316 2.76760E-04-8.04168E-06-5.55533E-06
 -1       317 2.43774E-04-8.01008E-06-5.53606E-06
 -1       318 2.10788E-04-7.97998E-06-5.51961E-06
 -1       319 1.77809E-04-7.94268E-06-5.49694E-06
 -1       320 1.44815E-04-7.92689E-06-5.45562E-06
 -1       321 1.12485E-04-8.00070E-06-5.45575E-06
 -1       322 7.93098E-05-8.02540E-06-5.69810E-06
 -1       323 2.93209E-04 8.55619E-08 5.33344E-06
 -1       324 2.27237E-04 1.48884E-07 5.38054E-06
 -1       325 3.59181E-04 2.20251E-08 5.29388E-06
 -1       326 4.25153E-04-4.14763E-08 5.25315E-06
 -1       327 1.61280E-04 2.09254E-07 5.41220E-06
 -1       328 4.91124E-04-1.04965E-07 5.21254E-06
 -1       329 9.63814E-05 3.53784E-07 5.45185E-06
 -1       330 5.55694E-04-2.44238E-07 5.17264E-06
 -1       331 6.06578E-04-1.12318E-06 5.13975E-06
 -1       332 4.50236E-05 1.24168E-06 5.83602E-06
 -1       333 6.31316E-04-6.93430E-07 5.12537E-06
 -1       334 6.31292E-04 7.47058E-06 5.14082E-06
 -1       335 5.98306E-04 7.50232E-06 5.16113E-06
 -1       336 6.31339E-04-8.85744E-06 5.10993E-06
 -1       337 5.98354E-04-8.82569E-06 5.13024E-06
 -1       338 5.34298E-05 8.75962E-06 5.74644E-06
 -1       339 2.08464E-05 5.09010E-06 5.43853E-06
 -1       340 2.04436E-05 6.06297E-07 6.45010E-06
 -1       341 2.11946E-05-4.58188E-06 5.74180E-06
 -1       342 5.35138E-05-6.98214E-06 5.91271E-06
 -1       343 1.12404E-04 8.59896E-06 5.44626E-06
 -1       344 7.93621E-05 8.72586E-06 5.50363E-06
 -1       345 7.06083E-05 8.07666E-07 5.68225E-06
 -1       346 1.77741E-04 8.35746E-06 5.42256E-06
 -1       347 1.44750E-04 8.40646E-06 5.41766E-06
 -1       348 1.28955E-04 2.69480E-07 5.37344E-06
 -1       349 2.43706E-04 8.29645E-06 5.37935E-06
 -1       350 2.10720E-04 8.32901E-06 5.40310E-06
 -1       351 1.94254E-04 1.80303E-07 5.40801E-06
 -1       352 3.09678E-04 8.23358E-06 5.33937E-06
 -1       353 2.76693E-04 8.26505E-06 5.35886E-06
 -1       354 2.60223E-04 1.17317E-07 5.35419E-06
 -1       355 3.75650E-04 8.17016E-06 5.29905E-06
 -1       356 3.42664E-04 8.20192E-06 5.31934E-06
 -1       357 3.26195E-04 5.37894E-08 5.31402E-06
 -1       358 4.41622E-04 8.10665E-06 5.25844E-06
 -1       359 4.08636E-04 8.13840E-06 5.27874E-06
 -1       360 3.92167E-04-9.72983E-09 5.27348E-06
 -1       361 5.07594E-04 8.04317E-06 5.21783E-06
 -1       362 4.74608E-04 8.07491E-06 5.23814E-06
 -1       363 4.58138E-04-7.32218E-08 5.23285E-06
 -1       364 5.72864E-04 7.94179E-06 5.17757E-06
 -1       365 5.39878E-04 7.97353E-06 5.19788E-06
 -1       366 5.23409E-04-1.74602E-07 5.19259E-06
 -1       367 5.81136E-04-6.83708E-07 5.15619E-06
 -1       368 5.39926E-04-8.35448E-06 5.16699E-06
 -1       369 5.72912E-04-8.38622E-06 5.14668E-06
 -1       370 4.74655E-04-8.25310E-06 5.20725E-06
 -1       371 5.07641E-04-8.28484E-06 5.18694E-06
 -1       372 4.08683E-04-8.18961E-06 5.24788E-06
 -1       373 4.41669E-04-8.22136E-06 5.22756E-06
 -1       374 3.42712E-04-8.12616E-06 5.28862E-06
 -1       375 3.75698E-04-8.15788E-06 5.26822E-06
 -1       376 2.76740E-04-8.06234E-06 5.32908E-06
 -1       377 3.09726E-04-8.09434E-06 5.30886E-06
 -1       378 2.10767E-04-8.00062E-06 5.37598E-06
 -1       379 2.43754E-04-8.03068E-06 5.35085E-06
 -1       380 1.44807E-04-7.96081E-06 5.38957E-06
 -1       381 1.77790E-04-7.96760E-06 5.39825E-06
 -1       382 7.93757E-05-8.07254E-06 5.52705E-06
 -1       383 1.12495E-04-8.03518E-06 5.38668E-06
 -1       384 6.23126E-04-1.65497E-05-3.42252E-07
 -1       385 4.25210E-04-1.63592E-05-2.20399E-07
 -1       386 4.91182E-04-1.64227E-05-2.61020E-07
 -1       387 5.57154E-04-1.64862E-05-3.01636E-07
 -1       388 3.09680E-05-1.22021E-05-7.03129E-08
 -1       389 9.55378E-05-1.62348E-05-5.11036E-08
 -1       390 2.93267E-04-1.62322E-05-1.38924E-07
 -1       391 2.27295E-04-1.61675E-05-9.72699E-08
 -1       392 1.61306E-04-1.61127E-05-5.85363E-08
 -1       393 3.59239E-04-1.62957E-05-1.79751E-07
 -1       394 6.39624E-04-1.65604E-05-3.07374E-06
 -1       395 6.39613E-04-1.65707E-05 2.36893E-06
 -1       396 6.06638E-04-1.65286E-05-3.05343E-06
 -1       397 6.06628E-04-1.65389E-05 2.38924E-06
 -1       398 1.50458E-05-9.15611E-06 1.65683E-06
 -1       399 1.53739E-05-9.18641E-06-1.62660E-06
 -1       400 4.69838E-05-1.49398E-05-2.62656E-06
 -1       401 4.70135E-05-1.48847E-05 2.41772E-06
 -1       402 5.40666E-04-1.64651E-05-3.01282E-06
 -1       403 5.73652E-04-1.64969E-05-3.03313E-06
 -1       404 5.90140E-04-1.65179E-05-3.21944E-07
 -1       405 5.73642E-04-1.65072E-05 2.40955E-06
 -1       406 4.74694E-04-1.64017E-05-2.97220E-06
 -1       407 5.07680E-04-1.64334E-05-2.99251E-06
 -1       408 5.24168E-04-1.64544E-05-2.81328E-07
 -1       409 5.07670E-04-1.64437E-05 2.45016E-06
 -1       410 5.40656E-04-1.64754E-05 2.42985E-06
 -1       411 4.08722E-04-1.63382E-05-2.93158E-06
 -1       412 4.41708E-04-1.63699E-05-2.95189E-06
 -1       413 4.58196E-04-1.63909E-05-2.40710E-07
 -1       414 4.41698E-04-1.63802E-05 2.49078E-06
 -1       415 4.74684E-04-1.64120E-05 2.47047E-06
 -1       416 3.42751E-04-1.62747E-05-2.89088E-06
 -1       417 3.75737E-04-1.63064E-05-2.91125E-06
 -1       418 3.92224E-04-1.63275E-05-2.00080E-07
 -1       419 4.08712E-04-1.63485E-05 2.51110E-06
 -1       420 3.75726E-04-1.63167E-05 2.53141E-06
 -1       421 2.76779E-04-1.62110E-05-2.85011E-06
 -1       422 3.09765E-04-1.62429E-05-2.87053E-06
 -1       423 3.26253E-04-1.62640E-05-1.59379E-07
 -1       424 3.09755E-04-1.62533E-05 2.57217E-06
 -1       425 3.42741E-04-1.62850E-05 2.55174E-06
 -1       426 2.10807E-04-1.61465E-05-2.80650E-06
 -1       427 2.43793E-04-1.61789E-05-2.82894E-06
 -1       428 2.60281E-04-1.62002E-05-1.18233E-07
 -1       429 2.76769E-04-1.62214E-05 2.59290E-06
 -1       430 2.43783E-04-1.61894E-05 2.61333E-06
 -1       431 1.44809E-04-1.61241E-05-2.78470E-06
 -1       432 1.77812E-04-1.61080E-05-2.78712E-06
 -1       433 1.94308E-04-1.61339E-05-7.56773E-08
 -1       434 2.10796E-04-1.61571E-05 2.63349E-06
 -1       435 1.77803E-04-1.61205E-05 2.65627E-06
 -1       436 7.92575E-05-1.61195E-05-2.67761E-06
 -1       437 1.11872E-04-1.62691E-05-2.74241E-06
 -1       438 1.28300E-04-1.61762E-05-5.39808E-08
 -1       439 1.11893E-04-1.62849E-05 2.63219E-06
 -1       440 1.44806E-04-1.61388E-05 2.67081E-06
 -1       441 6.29486E-05-1.58775E-05-6.70506E-08
 -1       442 7.92785E-05-1.61500E-05 2.53828E-06
 -1       443 6.23082E-04-2.17523E-07-2.48843E-06
 -1       444 2.82521E-05-1.70673E-07-2.86390E-06
 -1       445 4.25167E-04-2.70615E-08-2.36658E-06
 -1       446 2.27254E-04 1.64248E-07-2.25178E-06
 -1       447 3.59195E-04 3.64347E-08-2.32604E-06
 -1       448 2.93223E-04 9.99983E-08-2.28445E-06
 -1       449 5.57110E-04-1.54037E-07-2.44781E-06
 -1       450 9.50755E-05 2.94508E-07-2.20910E-06
 -1       451 4.91139E-04-9.05499E-08-2.40720E-06
 -1       452 1.61280E-04 2.29819E-07-2.19658E-06
 -1       453 6.39591E-04-5.67607E-06-2.50888E-06
 -1       454 6.39559E-04 5.20928E-06-2.48829E-06
 -1       455 6.06605E-04-5.64432E-06-2.48857E-06
 -1       456 6.06573E-04 5.24102E-06-2.46798E-06
 -1       457 1.21926E-05 2.10000E-06-1.34018E-06
 -1       458 1.23823E-05-1.69920E-06-1.53475E-06
 -1       459 4.52363E-05-4.89293E-06-3.09656E-06
 -1       460 4.48706E-05 5.06641E-06-2.51948E-06
 -1       461 5.40633E-04-5.58084E-06-2.44796E-06
 -1       462 5.73619E-04-5.61258E-06-2.46826E-06
 -1       463 5.90096E-04-1.85780E-07-2.46812E-06
 -1       464 5.73587E-04 5.27276E-06-2.44767E-06
 -1       465 4.74662E-04-5.51735E-06-2.40734E-06
 -1       466 5.07647E-04-5.54909E-06-2.42765E-06
 -1       467 5.24124E-04-1.22293E-07-2.42751E-06
 -1       468 5.40601E-04 5.30451E-06-2.42736E-06
 -1       469 5.07616E-04 5.33625E-06-2.40706E-06
 -1       470 4.08690E-04-5.45386E-06-2.36671E-06
 -1       471 4.41676E-04-5.48561E-06-2.38703E-06
 -1       472 4.58153E-04-5.88056E-08-2.38689E-06
 -1       473 3.42718E-04-5.39036E-06-2.32610E-06
 -1       474 3.75704E-04-5.42211E-06-2.34642E-06
 -1       475 3.92181E-04 4.68595E-09-2.34629E-06
 -1       476 2.76746E-04-5.32679E-06-2.28427E-06
 -1       477 3.09732E-04-5.35865E-06-2.30542E-06
 -1       478 3.26209E-04 6.82137E-08-2.30558E-06
 -1       479 2.10776E-04-5.26087E-06-2.25236E-06
 -1       480 2.43762E-04-5.29412E-06-2.26612E-06
 -1       481 2.60238E-04 1.31955E-07-2.26488E-06
 -1       482 1.44807E-04-5.23073E-06-2.17629E-06
 -1       483 1.77788E-04-5.22406E-06-2.22900E-06
 -1       484 1.94266E-04 1.97047E-07-2.23906E-06
 -1       485 7.85313E-05-5.18839E-06-2.47610E-06
 -1       486 1.11767E-04-5.29601E-06-2.17278E-06
 -1       487 1.28273E-04 2.54062E-07-2.12099E-06
 -1       488 1.11729E-04 5.84121E-06-2.11890E-06
 -1       489 1.44778E-04 5.71455E-06-2.14565E-06
 -1       490 6.16317E-05 2.53733E-07-2.54118E-06
 -1       491 7.85996E-05 5.91205E-06-2.27354E-06
 -1       492 1.77757E-04 5.65141E-06-2.21042E-06
 -1       493 2.43730E-04 5.59013E-06-2.24671E-06
 -1       494 2.10745E-04 5.62118E-06-2.23351E-06
 -1       495 3.09700E-04 5.52683E-06-2.28512E-06
 -1       496 2.76714E-04 5.55853E-06-2.26433E-06
 -1       497 3.75672E-04 5.46322E-06-2.32587E-06
 -1       498 3.42686E-04 5.49497E-06-2.30566E-06
 -1       499 4.41644E-04 5.39974E-06-2.36644E-06
 -1       500 4.08658E-04 5.43148E-06-2.34614E-06
 -1       501 4.74630E-04 5.36799E-06-2.38675E-06
 -1       502 6.23046E-04 1.06637E-05-2.90768E-07
 -1       503 5.90060E-04 1.06954E-05-2.70460E-07
 -1       504 2.81809E-05 7.40369E-06 4.83197E-08
 -1       505 6.25893E-05 1.12269E-05 4.14620E-08
 -1       506 9.53734E-05 1.13961E-05 5.49422E-08
 -1       507 1.28284E-04 1.12470E-05 2.07134E-08
 -1       508 1.61247E-04 1.11204E-05-7.77081E-09
 -1       509 2.27216E-04 1.10430E-05-4.90636E-08
 -1       510 2.60202E-04 1.10128E-05-6.81869E-08
 -1       511 1.94228E-04 1.10734E-05-2.84258E-08
 -1       512 2.93187E-04 1.09812E-05-8.80545E-08
 -1       513 3.26173E-04 1.09494E-05-1.08138E-07
 -1       514 3.59159E-04 1.09176E-05-1.28348E-07
 -1       515 3.92145E-04 1.08859E-05-1.48635E-07
 -1       516 4.25131E-04 1.08542E-05-1.68930E-07
 -1       517 4.58117E-04 1.08224E-05-1.89233E-07
 -1       518 4.91103E-04 1.07907E-05-2.09538E-07
 -1       519 5.24089E-04 1.07589E-05-2.29845E-07
 -1       520 5.57074E-04 1.07272E-05-2.50152E-07
 -1       521 6.23074E-04-2.25761E-07 1.86571E-06
 -1       522 2.82926E-05-2.08605E-08 2.78743E-06
 -1       523 2.93215E-04 9.15403E-08 2.06785E-06
 -1       524 3.59187E-04 2.81731E-08 2.02828E-06
 -1       525 2.27246E-04 1.53981E-07 2.11443E-06
 -1       526 4.25159E-04-3.53033E-08 1.98755E-06
 -1       527 9.50435E-05 2.77491E-07 2.18416E-06
 -1       528 5.57102E-04-1.62274E-07 1.90632E-06
 -1       529 1.61272E-04 2.12163E-07 2.14565E-06
 -1       530 4.91130E-04-9.87881E-08 1.94694E-06
 -1       531 6.39551E-04 5.20104E-06 1.86585E-06
 -1       532 6.39583E-04-5.68430E-06 1.84526E-06
 -1       533 6.06565E-04 5.23278E-06 1.88616E-06
 -1       534 6.06597E-04-5.65256E-06 1.86556E-06
 -1       535 1.23725E-05-1.62686E-06 1.46756E-06
 -1       536 1.22242E-05 2.18058E-06 1.35768E-06
 -1       537 4.49574E-05 5.23802E-06 2.52260E-06
 -1       538 4.52055E-05-4.77042E-06 2.92129E-06
 -1       539 7.84989E-05 5.86658E-06 2.28910E-06
 -1       540 1.11702E-04 5.82282E-06 2.15822E-06
 -1       541 6.16176E-05 3.02593E-07 2.42200E-06
 -1       542 7.85496E-05-5.21781E-06 2.32799E-06
 -1       543 1.44768E-04 5.69880E-06 2.14163E-06
 -1       544 1.77749E-04 5.63914E-06 2.15413E-06
 -1       545 1.28259E-04 2.38943E-07 2.11553E-06
 -1       546 1.11756E-04-5.30582E-06 2.12350E-06
 -1       547 1.44804E-04-5.24588E-06 2.12562E-06
 -1       548 2.10737E-04 5.61125E-06 2.13502E-06
 -1       549 2.43721E-04 5.58076E-06 2.10928E-06
 -1       550 1.94259E-04 1.84981E-07 2.14263E-06
 -1       551 2.76706E-04 5.55015E-06 2.08778E-06
 -1       552 3.09692E-04 5.51846E-06 2.06857E-06
 -1       553 2.60230E-04 1.22967E-07 2.08846E-06
 -1       554 3.42678E-04 5.48672E-06 2.04865E-06
 -1       555 3.75664E-04 5.45497E-06 2.02832E-06
 -1       556 3.26201E-04 5.98849E-08 2.04844E-06
 -1       557 4.08650E-04 5.42324E-06 2.00799E-06
 -1       558 4.41636E-04 5.39150E-06 1.98769E-06
 -1       559 3.92173E-04-3.56555E-09 2.00788E-06
 -1       560 4.74622E-04 5.35975E-06 1.96739E-06
 -1       561 5.07608E-04 5.32801E-06 1.94708E-06
 -1       562 4.58145E-04-6.70459E-08 1.96724E-06
 -1       563 5.40593E-04 5.29627E-06 1.92677E-06
 -1       564 5.73579E-04 5.26452E-06 1.90647E-06
 -1       565 5.24116E-04-1.30531E-07 1.92663E-06
 -1       566 5.40625E-04-5.58907E-06 1.90618E-06
 -1       567 5.07639E-04-5.55733E-06 1.92649E-06
 -1       568 5.90088E-04-1.94017E-07 1.88601E-06
 -1       569 5.73611E-04-5.62082E-06 1.88587E-06
 -1       570 4.74653E-04-5.52559E-06 1.94680E-06
 -1       571 4.41667E-04-5.49385E-06 1.96710E-06
 -1       572 4.08682E-04-5.46210E-06 1.98742E-06
 -1       573 3.75696E-04-5.43036E-06 2.00778E-06
 -1       574 3.42710E-04-5.39862E-06 2.02820E-06
 -1       575 3.09724E-04-5.36698E-06 2.04825E-06
 -1       576 2.76738E-04-5.33531E-06 2.06813E-06
 -1       577 2.43753E-04-5.30335E-06 2.09050E-06
 -1       578 2.10769E-04-5.27078E-06 2.11779E-06
 -1       579 1.77783E-04-5.23889E-06 2.13876E-06
 -1       580 6.23110E-04-1.11070E-05-3.31955E-07
 -1       581 5.90124E-04-1.10752E-05-3.11647E-07
 -1       582 2.86464E-05-7.21974E-06 8.90156E-08
 -1       583 6.24628E-05-1.03155E-05-1.19582E-07
 -1       584 5.57138E-04-1.10435E-05-2.91339E-07
 -1       585 5.24152E-04-1.10118E-05-2.71031E-07
 -1       586 4.91166E-04-1.09800E-05-2.50723E-07
 -1       587 4.58180E-04-1.09483E-05-2.30413E-07
 -1       588 4.25194E-04-1.09165E-05-2.10100E-07
 -1       589 3.92209E-04-1.08848E-05-1.89778E-07
 -1       590 3.59223E-04-1.08530E-05-1.69430E-07
 -1       591 3.26237E-04-1.08213E-05-1.49032E-07
 -1       592 2.93251E-04-1.07896E-05-1.28576E-07
 -1       593 2.60265E-04-1.07576E-05-1.07833E-07
 -1       594 2.27279E-04-1.07249E-05-8.67022E-08
 -1       595 1.94291E-04-1.06906E-05-6.56232E-08
 -1       596 1.61311E-04-1.06719E-05-4.57841E-08
 -1       597 1.28356E-04-1.07465E-05-4.01675E-08
 -1       598 9.54415E-05-1.07911E-05-2.40402E-08
 -1       599 0.00000E+00 0.00000E+00 0.00000E+00
 -1       600 0.00000E+00 0.00000E+00 0.00000E+00
 -1       601 0.00000E+00 0.00000E+00 0.00000E+00
 -1       602 0.00000E+00 0.00000E+00 0.00000E+00
 -1       603 0.00000E+00 0.00000E+00 0.00000E+00
 -1       604 0.00000E+00 0.00000E+00 0.00000E+00
 -1       605 0.00000E+00 0.00000E+00 0.00000E+00
 -1       606 0.00000E+00 0.00000E+00 0.00000E+00
 -1       607 0.00000E+00 0.00000E+00 0.00000E+00
 -1       608 0.00000E+00 0.00000E+00 0.00000E+00
 -1       609 5.57059E-04 1.34413E-05 3.56487E-06
 -1       610 5.73558E-04 1.34306E-05 8.33376E-07
 -1       611 5.90045E-04 1.34096E-05 3.54456E-06
 -1       612 9.54654E-05-1.35575E-05-3.82271E-06
 -1       613 7.91484E-05-1.33199E-05-1.16999E-06
 -1       614 6.27281E-05-1.33213E-05-3.99735E-06
 -1       615 2.96808E-05-1.02915E-05 3.67980E-06
 -1       616 6.28624E-05-1.33806E-05 3.77851E-06
 -1       617 4.60500E-05-1.20284E-05 9.73511E-07
 -1       618 1.39631E-05-6.54267E-06 6.66730E-07
 -1       619 1.11879E-04-1.35608E-05-1.12665E-06
 -1       620 1.28332E-04-1.34413E-05-3.86895E-06
 -1       621 5.24074E-04 1.34731E-05 3.58517E-06
 -1       622 5.40572E-04 1.34623E-05 8.53684E-07
 -1       623 4.91167E-04-1.37086E-05 3.55400E-06
 -1       624 5.07665E-04-1.37193E-05 8.22508E-07
 -1       625 5.24153E-04-1.37403E-05 3.53369E-06
 -1       626 1.61238E-04 1.38431E-05-3.80997E-06
 -1       627 1.44739E-04 1.38982E-05-1.07508E-06
 -1       628 1.28262E-04 1.39667E-05-3.78493E-06
 -1       629 2.27200E-04 1.37574E-05 3.76663E-06
 -1       630 2.43699E-04 1.37473E-05 1.03533E-06
 -1       631 2.60187E-04 1.37266E-05 3.74683E-06
 -1       632 9.53975E-05 1.41544E-05-3.69555E-06
 -1       633 6.27769E-05 1.41606E-05-3.67724E-06
 -1       634 7.90697E-05 1.40638E-05-1.00956E-06
 -1       635 5.57139E-04-1.37720E-05 3.51338E-06
 -1       636 5.40651E-04-1.37510E-05 8.02200E-07
 -1       637 9.53567E-05 1.41188E-05 3.82589E-06
 -1       638 1.11786E-04 1.40735E-05 1.13328E-06
 -1       639 1.28235E-04 1.39544E-05 3.84083E-06
 -1       640 5.57153E-04-1.37576E-05-4.10636E-06
 -1       641 5.40655E-04-1.37469E-05-1.37487E-06
 -1       642 5.24167E-04-1.37259E-05-4.08605E-06
 -1       643 2.93252E-04-1.35181E-05 3.67616E-06
 -1       644 3.09750E-04-1.35289E-05 9.44544E-07
 -1       645 3.26238E-04-1.35499E-05 3.65567E-06
 -1       646 4.25116E-04 1.35683E-05 3.64609E-06
 -1       647 4.08628E-04 1.35893E-05 9.34903E-07
 -1       648 3.92130E-04 1.36000E-05 3.66639E-06
 -1       649 4.25130E-04 1.35827E-05-3.97365E-06
 -1       650 3.92144E-04 1.36144E-05-3.95335E-06
 -1       651 4.08632E-04 1.35934E-05-1.24217E-06
 -1       652 2.93187E-04 1.37097E-05-3.89279E-06
 -1       653 3.09674E-04 1.36887E-05-1.18146E-06
 -1       654 3.26172E-04 1.36779E-05-3.91285E-06
 -1       655 2.27279E-04-1.34542E-05 3.71781E-06
 -1       656 2.43778E-04-1.34647E-05 9.85831E-07
 -1       657 2.60266E-04-1.34861E-05 3.69690E-06
 -1       658 4.91102E-04 1.35192E-05-4.01426E-06
 -1       659 5.07590E-04 1.34982E-05-1.30308E-06
 -1       660 5.24088E-04 1.34875E-05-4.03457E-06
 -1       661 1.61304E-04-1.33989E-05 3.75813E-06
 -1       662 1.44816E-04-1.34179E-05 1.04115E-06
 -1       663 1.28339E-04-1.34616E-05 3.76508E-06
 -1       664 2.93173E-04 1.36952E-05 3.72703E-06
 -1       665 2.76685E-04 1.37163E-05 1.01558E-06
 -1       666 3.59224E-04-1.35816E-05 3.63528E-06
 -1       667 3.75722E-04-1.35923E-05 9.03769E-07
 -1       668 3.92209E-04-1.36133E-05 3.61494E-06
 -1       669 4.91088E-04 1.35048E-05 3.60548E-06
 -1       670 5.07586E-04 1.34941E-05 8.73991E-07
 -1       671 1.61312E-04-1.33787E-05-3.86166E-06
 -1       672 1.44817E-04-1.34142E-05-1.13737E-06
 -1       673 1.94212E-04 1.37878E-05 3.78772E-06
 -1       674 2.10733E-04 5.60960E-06 3.76786E-06
 -1       675 1.77749E-04 5.63857E-06 3.78747E-06
 -1       676 2.60201E-04 1.37412E-05-3.87280E-06
 -1       677 2.43732E-04 5.59319E-06-3.87944E-06
 -1       678 2.76717E-04 5.56148E-06-3.89709E-06
 -1       679 1.94227E-04 1.38042E-05-3.83260E-06
 -1       680 1.77727E-04 1.38096E-05-1.10101E-06
 -1       681 4.74679E-04-1.36875E-05 8.42817E-07
 -1       682 4.58181E-04-1.36768E-05 3.57431E-06
 -1       683 5.90125E-04-1.38038E-05 3.49307E-06
 -1       684 5.73637E-04-1.37828E-05 7.81892E-07
 -1       685 5.73641E-04-1.37786E-05-1.39518E-06
 -1       686 5.90139E-04-1.37894E-05-4.12666E-06
 -1       687 1.11787E-04 1.40840E-05-1.02641E-06
 -1       688 6.26506E-05 1.40170E-05 3.82162E-06
 -1       689 7.90272E-05 1.40414E-05 1.14994E-06
 -1       690 1.94292E-04-1.34219E-05 3.73996E-06
 -1       691 1.77801E-04-1.33943E-05 1.02977E-06
 -1       692 2.76764E-04-1.34971E-05 9.65122E-07
 -1       693 4.58116E-04 1.35510E-05-3.99395E-06
 -1       694 4.41618E-04 1.35617E-05-1.26247E-06
 -1       695 4.41614E-04 1.35576E-05 9.14603E-07
 -1       696 4.58102E-04 1.35365E-05 3.62579E-06
 -1       697 2.10791E-04-1.34312E-05 1.00733E-06
 -1       698 3.42736E-04-1.35606E-05 9.24134E-07
 -1       699 3.09670E-04 1.36846E-05 9.95668E-07
 -1       700 3.26158E-04 1.36635E-05 3.70687E-06
 -1       701 1.94306E-04-1.34067E-05-3.88074E-06
 -1       702 1.77805E-04-1.33891E-05-1.14874E-06
 -1       703 4.74600E-04 1.35258E-05 8.94297E-07
 -1       704 6.23125E-04-1.38211E-05-4.14697E-06
 -1       705 6.06627E-04-1.38104E-05-1.41548E-06
 -1       706 6.23111E-04-1.38355E-05 3.47277E-06
 -1       707 6.06623E-04-1.38145E-05 7.61585E-07
 -1       708 2.99359E-05 1.06218E-05 3.64465E-06
 -1       709 4.64002E-05 1.29239E-05 1.21021E-06
 -1       710 4.41647E-04 5.40282E-06-3.99924E-06
 -1       711 4.74633E-04 5.37108E-06-4.01955E-06
 -1       712 2.10765E-04-5.27483E-06 3.75074E-06
 -1       713 1.77782E-04-5.24303E-06 3.77219E-06
 -1       714 3.42707E-04-5.40170E-06 3.66101E-06
 -1       715 3.09721E-04-5.36998E-06 3.68107E-06
 -1       716 4.74619E-04 5.35667E-06 3.60019E-06
 -1       717 4.41633E-04 5.38841E-06 3.62049E-06
 -1       718 2.43764E-04-5.29136E-06-3.89885E-06
 -1       719 2.60280E-04-1.34715E-05-3.92289E-06
 -1       720 2.76749E-04-5.32369E-06-3.91701E-06
 -1       721 2.10778E-04-5.25944E-06-3.88524E-06
 -1       722 1.77795E-04-5.22358E-06-3.86248E-06
 -1       723 4.08661E-04 5.43457E-06-3.97894E-06
 -1       724 3.75675E-04 5.46631E-06-3.95867E-06
 -1       725 2.43749E-04-5.30627E-06 3.72325E-06
 -1       726 2.76735E-04-5.33822E-06 3.70092E-06
 -1       727 3.75661E-04 5.45190E-06 3.66112E-06
 -1       728 4.08647E-04 5.42015E-06 3.64079E-06
 -1       729 3.42689E-04 5.49805E-06-3.93847E-06
 -1       730 3.09703E-04 5.52981E-06-3.91794E-06
 -1       731 3.09735E-04-5.35554E-06-3.93823E-06
 -1       732 3.42721E-04-5.38728E-06-3.95890E-06
 -1       733 3.26252E-04-1.35354E-05-3.96407E-06
 -1       734 3.09689E-04 5.51537E-06 3.70139E-06
 -1       735 3.42675E-04 5.48364E-06 3.68145E-06
 -1       736 4.58195E-04-1.36624E-05-4.04543E-06
 -1       737 4.41679E-04-5.48252E-06-4.01983E-06
 -1       738 4.74665E-04-5.51426E-06-4.04014E-06
 -1       739 4.74650E-04-5.52868E-06 3.57960E-06
 -1       740 4.41664E-04-5.49693E-06 3.59991E-06
 -1       741 3.92224E-04-1.35989E-05-4.00480E-06
 -1       742 3.75707E-04-5.41903E-06-3.97922E-06
 -1       743 4.08693E-04-5.45077E-06-3.99951E-06
 -1       744 2.10747E-04 5.62560E-06-3.86645E-06
 -1       745 1.77764E-04 5.65660E-06-3.84400E-06
 -1       746 2.76703E-04 5.54701E-06 3.72054E-06
 -1       747 2.43718E-04 5.57797E-06 3.74201E-06
 -1       748 3.75693E-04-5.43345E-06 3.64057E-06
 -1       749 4.08679E-04-5.46519E-06 3.62022E-06
 -1       750 1.38322E-05 6.39925E-06 5.19968E-07
 -1       751 6.39613E-04-1.38421E-05-1.43579E-06
 -1       752 5.39903E-04 5.26970E-06-4.05981E-06
 -1       753 5.07619E-04 5.33934E-06-4.03986E-06
 -1       754 1.12445E-04-5.26214E-06 3.75012E-06
 -1       755 1.44808E-04-5.24359E-06 3.75646E-06
 -1       756 5.07604E-04 5.32492E-06 3.57988E-06
 -1       757 5.39889E-04 5.25529E-06 3.55993E-06
 -1       758 1.12446E-04-5.23810E-06-3.79394E-06
 -1       759 1.44816E-04-5.22018E-06-3.80684E-06
 -1       760 5.07636E-04-5.56042E-06 3.55929E-06
 -1       761 5.39921E-04-5.63006E-06 3.53934E-06
 -1       762 1.12422E-04 5.87308E-06-3.75087E-06
 -1       763 1.44790E-04 5.71213E-06-3.77584E-06
 -1       764 1.12393E-04 5.84323E-06 3.78911E-06
 -1       765 1.44770E-04 5.69054E-06 3.77186E-06
 -1       766 5.39935E-04-5.61564E-06-4.08040E-06
 -1       767 5.07650E-04-5.54600E-06-4.06045E-06
 -1       768 6.14826E-04-6.74470E-07 3.50273E-06
 -1       769 5.98317E-04 4.78407E-06 3.52318E-06
 -1       770 5.98349E-04-6.10127E-06 3.50258E-06
 -1       771 5.33604E-05-4.50349E-06-4.44198E-06
 -1       772 3.66895E-05 3.39980E-07-4.66078E-06
 -1       773 5.34920E-05 5.96375E-06-4.11928E-06
 -1       774 5.98331E-04 4.79849E-06-4.09656E-06
 -1       775 6.14840E-04-6.60054E-07-4.11701E-06
 -1       776 5.98363E-04-6.08685E-06-4.11715E-06
 -1       777 5.34863E-05 6.01170E-06 4.08558E-06
 -1       778 3.67293E-05 5.02992E-07 4.56740E-06
 -1       779 5.33553E-05-4.41488E-06 4.26399E-06
 -1       780 6.39578E-04-2.30306E-07-4.13138E-06
 -1       781 6.39554E-04 7.93370E-06-4.11594E-06
 -1       782 6.39540E-04 7.91928E-06 3.50380E-06
 -1       783 6.39564E-04-2.44721E-07 3.48835E-06
 -1       784 1.30525E-05-3.09909E-06-3.06539E-06
 -1       785 1.25755E-05 2.64452E-07-3.38743E-06
 -1       786 1.29813E-05-3.02086E-06 2.98005E-06
 -1       787 1.25811E-05 3.24552E-07 3.36334E-06
 -1       788 6.39533E-04 1.33712E-05-1.38431E-06
 -1       789 6.06547E-04 1.34030E-05-1.36400E-06
 -1       790 6.39529E-04 1.33671E-05 7.92761E-07
 -1       791 1.38197E-05-6.44970E-06-6.37330E-07
 -1       792 6.06543E-04 1.33988E-05 8.13069E-07
 -1       793 7.91582E-05-1.33214E-05 1.03370E-06
 -1       794 5.73562E-04 1.34347E-05-1.34369E-06
 -1       795 4.65119E-05 1.28764E-05-9.91181E-07
 -1       796 1.34929E-05 6.34696E-06-6.10520E-07
 -1       797 4.08707E-04-1.36240E-05 8.83444E-07
 -1       798 4.08711E-04-1.36199E-05-1.29362E-06
 -1       799 4.41697E-04-1.36517E-05-1.31394E-06
 -1       800 1.44734E-04 1.38931E-05 1.10012E-06
 -1       801 5.07669E-04-1.37152E-05-1.35456E-06
 -1       802 4.41693E-04-1.36558E-05 8.63128E-07
 -1       803 3.42656E-04 1.36528E-05 9.75450E-07
 -1       804 3.75646E-04 1.36252E-05-1.22186E-06
 -1       805 3.75642E-04 1.36210E-05 9.55198E-07
 -1       806 3.42660E-04 1.36569E-05-1.20162E-06
 -1       807 3.09754E-04-1.35247E-05-1.23255E-06
 -1       808 3.42740E-04-1.35564E-05-1.25294E-06
 -1       809 3.75726E-04-1.35882E-05-1.27330E-06
 -1       810 2.43782E-04-1.34605E-05-1.19113E-06
 -1       811 7.91892E-05-5.14945E-06-4.12613E-06
 -1       812 5.72875E-04 5.22354E-06 3.53963E-06
 -1       813 5.90060E-04 1.34240E-05-4.07518E-06
 -1       814 5.72889E-04 5.23796E-06-4.08011E-06
 -1       815 7.92194E-05-5.19353E-06 3.97097E-06
 -1       816 7.91762E-05 5.92179E-06 3.92406E-06
 -1       817 7.92652E-05 5.99411E-06-3.89391E-06
 -1       818 5.72921E-04-5.64738E-06-4.10071E-06
 -1       819 5.72907E-04-5.66180E-06 3.51903E-06
 -1       820 6.06554E-04 7.95103E-06 3.52411E-06
 -1       821 6.06568E-04 7.96544E-06-4.09563E-06
 -1       822 4.53553E-05-7.37050E-06-4.77975E-06
 -1       823 4.52986E-05-7.25398E-06 4.58462E-06
 -1       824 6.31335E-04-6.13301E-06 3.48228E-06
 -1       825 2.01504E-05 3.40275E-06-3.68687E-06
 -1       826 6.31349E-04-6.11860E-06-4.13746E-06
 -1       827 2.02621E-05 3.54430E-06 3.72378E-06
 -1       828 5.56398E-04-2.03256E-07 3.53948E-06
 -1       829 9.57325E-05 3.52795E-07-3.83804E-06
 -1       830 5.56412E-04-1.88841E-07-4.08026E-06
 -1       831 9.57152E-05 3.15581E-07 3.81815E-06
 -1       832 1.94257E-04 1.82658E-07 3.77548E-06
 -1       833 1.61276E-04 2.10661E-07 3.77886E-06
 -1       834 2.27241E-04 1.51409E-07 3.74753E-06
 -1       835 2.60241E-04 1.34893E-07-3.89777E-06
 -1       836 2.27255E-04 1.67077E-07-3.88490E-06
 -1       837 2.93226E-04 1.03012E-07-3.91720E-06
 -1       838 1.94271E-04 1.99947E-07-3.87203E-06
 -1       839 1.61291E-04 2.33270E-07-3.83006E-06
 -1       840 3.92170E-04-6.64736E-09 3.64068E-06
 -1       841 3.59184E-04 2.50992E-08 3.66108E-06
 -1       842 4.25156E-04-3.83899E-08 3.62035E-06
 -1       843 3.92184E-04 7.76911E-09-3.97909E-06
 -1       844 4.25170E-04-2.39751E-08-3.99938E-06
 -1       845 2.93212E-04 8.85501E-08 3.70063E-06
 -1       846 2.60226E-04 1.20129E-07 3.72124E-06
 -1       847 3.59198E-04 3.95097E-08-3.95884E-06
 -1       848 3.26212E-04 7.12603E-08-3.93837E-06
 -1       849 3.26198E-04 5.68338E-08 3.68124E-06
 -1       850 4.58141E-04-7.01338E-08 3.60004E-06
 -1       851 4.58156E-04-5.57178E-08-4.01969E-06
 -1       852 4.91142E-04-8.74613E-08-4.04000E-06
 -1       853 4.91127E-04-1.01877E-07 3.57974E-06
 -1       854 5.90055E-04 1.34199E-05-1.89811E-06
 -1       855 3.92140E-04 1.36103E-05-1.77628E-06
 -1       856 4.58112E-04 1.35468E-05-1.81689E-06
 -1       857 3.26168E-04 1.36738E-05-1.73578E-06
 -1       858 3.26242E-04-1.35457E-05 1.47860E-06
 -1       859 2.60276E-04-1.34758E-05-1.74591E-06
 -1       860 1.94302E-04-1.34087E-05-1.70298E-06
 -1       861 3.92213E-04-1.36092E-05 1.43787E-06
 -1       862 1.28244E-04 1.39691E-05 1.66560E-06
 -1       863 1.94216E-04 1.37912E-05 1.60908E-06
 -1       864 2.10716E-04 1.37820E-05-1.12198E-06
 -1       865 5.24157E-04-1.37362E-05 1.35662E-06
 -1       866 6.28082E-05 1.39708E-05-1.51863E-06
 -1       867 5.90135E-04-1.37935E-05-1.94960E-06
 -1       868 4.58191E-04-1.36665E-05-1.86836E-06
 -1       869 2.60197E-04 1.37372E-05-1.69599E-06
 -1       870 6.27580E-05-1.32309E-05-1.74453E-06
 -1       871 1.28331E-04-1.34626E-05 1.59466E-06
 -1       872 5.24084E-04 1.34834E-05-1.85750E-06
 -1       873 2.27214E-04 1.37732E-05-3.85322E-06
 -1       874 1.61221E-04 1.38265E-05 3.80842E-06
 -1       875 5.57074E-04 1.34557E-05-4.05487E-06
 -1       876 9.54793E-05-1.35714E-05 3.71237E-06
 -1       877 4.91181E-04-1.36941E-05-4.06574E-06
 -1       878 4.25195E-04-1.36451E-05 3.59462E-06
 -1       879 2.97702E-05 1.04619E-05-3.53520E-06
 -1       880 2.93266E-04-1.35036E-05-3.94362E-06
 -1       881 3.59144E-04 1.36318E-05 3.68666E-06
 -1       882 3.59158E-04 1.36462E-05-3.93307E-06
 -1       883 2.27294E-04-1.34397E-05-3.90201E-06
 -1       884 3.59238E-04-1.35672E-05-3.98446E-06
 -1       885 6.23031E-04 1.33778E-05 3.52425E-06
 -1       886 2.98771E-05-1.04394E-05-3.79392E-06
 -1       887 6.23045E-04 1.33922E-05-4.09549E-06
 -1       888 4.25210E-04-1.36306E-05-4.02512E-06
 -3
    1PSTEP                         2           1           1          
  100CL  101 1.000000000         888                     0    1           1
 -4  STRESS      6    1
 -5  SXX         1    4    1    1
 -5  SYY         1    4    2    2
 -5  SZZ         1    4    3    3
 -5  SXY         1    4    1    2
 -5  SYZ         1    4    2    3
 -5  SZX         1    4    3    1
 -1         1-2.27270E-01 1.25431E-11-7.07967E-12 1.93511E-11 1.18781E-12 5.41218E-12
 -1         2-2.27270E-01-8.09689E-12 5.60369E-12-2.01521E-11-8.36692E-13 5.13787E-12
 -1         3-2.27270E-01 1.52558E-11-4.03486E-11 1.09335E-11-1.10244E-11-8.32666E-12
 -1         4-2.27270E-01 6.59901E-13 1.50168E-11-6.28973E-12-1.00198E-11-6.80954E-12
 -1         5-2.27270E-01-2.67981E-11-1.95826E-11 6.97143E-12 7.58329E-12-9.96402E-12
 -1         6-2.27270E-01 4.16479E-11 4.15646E-11 1.13910E-11 2.42477E-11 2.04322E-11
 -1         7-2.27270E-01-4.17516E-11-5.74606E-11-7.37534E-12 1.01159E-11 7.54792E-12
 -1         8-2.27270E-01 4.18723E-11 4.09142E-11-1.72604E-11 1.40915E-11-2.04690E-11
 -1         9-2.48202E-01-6.91773E-02-7.65849E-02-3.33819E-02 1.34176E-02 1.67091E-02
 -1        10-2.58171E-01-8.18759E-02-8.61987E-02-3.87010E-02-1.16010E-02-1.62516E-02
 -1        11-2.51845E-01-9.02165E-02-8.19094E-02 3.95188E-02-1.25483E-02 1.90627E-02
 -1        12-2.54668E-01-9.68654E-02-9.06007E-02 4.28887E-02 1.05594E-02-1.78584E-02
 -1        13-2.26673E-01-7.75752E-02-7.73432E-02 2.62725E-02 2.47306E-03 5.90788E-03
 -1        14-2.21457E-01-9.16537E-02-7.90389E-02-2.60435E-02 4.00573E-03 4.01955E-03
 -1        15-2.17383E-01-7.74484E-02-6.23866E-02-2.50629E-02-8.13246E-05-2.19288E-03
 -1        16-2.28126E-01-8.00166E-02-8.48329E-02 2.47470E-02 1.05027E-03-7.83659E-03
 -1        17-2.27270E-01-1.26150E-11-2.12422E-11-6.65404E-12 5.08142E-12 8.00495E-13
 -1        18-2.27270E-01 8.13211E-12-2.08792E-12 9.30405E-13-3.93206E-12-7.15050E-13
 -1        19-2.27270E-01 1.77713E-11-5.33665E-12 1.52261E-11-4.82006E-13 1.51603E-12
 -1        20-2.27270E-01 1.20942E-11 1.11474E-11 1.68640E-11-4.01852E-13 2.27221E-12
 -1        21-2.27270E-01 5.04074E-12-6.85243E-12-9.65725E-13-3.69304E-12 4.44329E-12
 -1        22-2.27270E-01-5.88206E-12 9.50781E-12-1.59009E-11-3.30193E-12 4.16347E-12
 -1        23-2.27270E-01-3.80141E-12-1.98446E-11-1.22533E-11-2.53463E-12 2.52364E-12
 -1        24-2.27270E-01 2.02929E-11-5.71167E-12-3.48658E-12 7.40551E-12-1.26757E-11
 -1        25-2.27270E-01 3.61626E-12 4.39069E-12 1.18997E-11-2.65826E-12-2.45191E-12
 -1        26-2.27270E-01-1.32200E-12 6.54108E-12-4.18938E-12 2.10208E-11 3.57575E-11
 -1        27-2.27270E-01-7.47546E-12-6.70554E-12-1.18181E-11-1.80346E-12 1.66975E-12
 -1        28-2.27270E-01 2.48600E-11 2.21170E-11-1.21183E-11 3.68842E-11-3.65647E-11
 -1        29-3.05307E-01-1.50376E-01-1.50375E-01-5.99812E-02-1.91103E-10 3.65428E-04
 -1        30-2.20228E-01 1.67024E-03 1.42165E-03 3.21639E-03-7.31369E-04 1.35181E-04
 -1        31-2.26928E-01-4.04982E-05 3.56041E-04 2.34472E-04 8.79833E-05 8.15474E-05
 -1        32-2.27361E-01-5.57739E-05-5.21342E-05-7.15764E-05-1.62499E-05-2.17284E-05
 -1        33-2.27271E-01-1.99485E-06 2.16732E-06 2.69135E-06-4.54878E-07 1.20765E-06
 -1        34-2.27271E-01 8.27772E-07-3.81192E-07-4.54434E-08 3.72984E-07-1.88983E-07
 -1        35-2.27271E-01 9.05434E-09 8.98685E-08 2.36427E-08-1.16554E-08 7.63679E-08
 -1        36-2.27270E-01 1.30974E-08 3.20385E-09 1.92992E-09 3.96403E-09 2.36206E-09
 -1        37-2.27270E-01 9.65842E-10-7.03633E-11 5.07141E-10 3.31334E-10 3.45058E-10
 -1        38-2.27270E-01 4.76664E-11-4.67793E-11 1.94635E-12 2.28602E-11 6.90584E-11
 -1        39-2.18605E-01-1.21172E-03-3.42760E-03-7.45486E-03 3.75988E-03 2.55326E-04
 -1        40-2.24992E-01 1.39292E-04-1.02055E-03 1.34282E-03-2.92091E-04-3.03943E-04
 -1        41-2.27346E-01-4.84431E-05-5.85911E-05 7.13490E-07 6.61918E-05-2.58597E-05
 -1        42-2.27278E-01-3.29074E-06 6.83377E-06-1.37154E-06-5.59619E-06 7.38018E-06
 -1        43-2.27270E-01 2.14453E-06 1.67287E-06-5.60672E-07 7.65454E-07-3.82873E-07
 -1        44-2.27271E-01-3.08983E-08-6.48259E-07 1.78786E-08-1.40839E-07 2.13596E-07
 -1        45-2.27270E-01 1.88452E-08-5.49134E-09 6.70317E-09 1.00455E-08-4.19606E-10
 -1        46-2.27270E-01 4.21039E-09 2.33757E-09 1.72935E-09 1.09371E-09 1.17745E-09
 -1        47-2.27270E-01 4.17759E-10 1.57380E-10 9.51273E-11 2.76635E-11 4.90502E-11
 -1        48-2.27270E-01 5.42776E-11 5.30065E-12 5.24486E-12 2.40808E-12 8.70357E-12
 -1        49-2.20819E-01 2.13013E-03 1.41005E-03 3.49123E-03 3.27318E-04 1.11263E-04
 -1        50-2.26966E-01 1.11614E-04 2.08840E-04 2.54468E-04-3.64118E-05 3.44760E-05
 -1        51-2.27365E-01-5.86402E-05-4.27460E-05-5.71883E-05 1.80000E-05 1.49792E-05
 -1        52-2.27270E-01-2.84010E-06 2.72270E-06 3.00571E-07 1.74603E-06-1.22258E-06
 -1        53-2.27270E-01 3.58061E-07-7.97722E-07-1.89937E-07-4.11857E-07 5.05781E-07
 -1        54-2.27270E-01-1.41595E-07 5.21431E-08 4.69515E-09 6.02573E-08-6.42466E-09
 -1        55-2.27270E-01-6.45116E-09-7.12246E-09-2.98750E-09 1.15007E-09 8.68556E-09
 -1        56-2.27270E-01-1.06142E-09 3.91935E-10-5.16084E-10 1.46150E-10 2.42831E-10
 -1        57-2.27270E-01-3.99774E-11 7.60926E-11 7.59163E-13 2.27449E-11 5.96882E-11
 -1        58-2.17832E-01-1.12212E-03-2.31106E-03-8.40185E-03-3.88935E-03-2.36299E-04
 -1        59-2.24815E-01 2.98276E-04 1.67603E-04 1.10049E-03 3.14062E-05-1.36375E-04
 -1        60-2.27415E-01-7.48075E-05-1.38455E-04 3.32110E-05-4.47346E-05 6.10306E-05
 -1        61-2.27293E-01-1.81663E-05-8.87658E-06-3.02232E-06 4.60041E-06-4.19279E-06
 -1        62-2.27267E-01 1.30155E-06 5.28358E-06-2.44030E-07-7.81511E-07 1.75456E-06
 -1        63-2.27270E-01-2.53673E-07-2.31665E-07-1.42345E-08 1.05155E-07-1.42340E-07
 -1        64-2.27270E-01-1.38102E-08 7.57313E-08-6.21859E-09-1.42726E-08 2.06375E-08
 -1        65-2.27270E-01-3.66983E-09-2.41338E-09-1.31684E-09 1.32056E-09 1.35939E-09
 -1        66-2.27270E-01-4.80558E-10-2.27664E-10-1.01751E-10 2.89281E-11 1.28309E-11
 -1        67-2.27270E-01-5.44934E-11-5.24892E-12-9.68955E-12 1.80258E-12 1.32397E-11
 -1        68-2.27270E-01-2.10714E-10-5.49341E-11-3.10922E-12 1.74432E-11-2.08292E-10
 -1        69-2.27270E-01-1.36935E-09 3.12637E-10 7.26307E-10 4.05918E-10-4.05861E-10
 -1        70-2.27270E-01-5.32532E-09 1.54858E-09 3.38227E-09 3.05437E-09-2.87125E-09
 -1        71-2.27270E-01-9.27791E-08 2.96247E-08 1.69363E-09 3.04800E-08 3.90384E-10
 -1        72-2.27270E-01 2.18680E-07-1.30057E-07 8.49716E-08-3.06181E-08-1.82051E-07
 -1        73-2.27270E-01-1.94025E-06 1.94723E-06-1.27112E-06 1.43213E-06 1.18959E-06
 -1        74-2.27379E-01-2.49298E-05-6.34991E-05 5.87441E-05 3.50628E-05-6.13951E-06
 -1        75-2.26797E-01-3.64599E-04-5.30153E-05-4.00092E-04-3.15951E-04 1.75429E-04
 -1        76-2.22003E-01 1.17385E-02 8.21525E-03-4.91681E-03 2.42889E-03-2.57897E-03
 -1        77-2.27270E-01-3.57767E-11 7.67592E-11 1.99029E-11-1.79705E-11-2.99297E-11
 -1        78-2.27270E-01-4.58668E-10 1.39173E-09 1.74666E-10-2.97301E-10-2.28529E-11
 -1        79-2.27270E-01-4.21677E-09-2.42146E-09 1.25027E-09 1.19419E-09-1.03313E-09
 -1        80-2.27270E-01-2.57456E-08-7.36895E-09 1.02766E-08 4.35075E-09-7.27729E-09
 -1        81-2.27270E-01-2.37512E-07-1.71083E-07-2.91868E-08 9.76852E-08-1.42220E-08
 -1        82-2.27269E-01 9.59913E-07 9.96634E-07 6.37526E-07-3.47527E-07-3.74330E-07
 -1        83-2.27287E-01-1.49416E-05-1.05342E-05-2.72350E-06 5.37839E-06 5.90713E-06
 -1        84-2.27445E-01-7.84169E-05-1.60376E-04 1.42936E-05-6.70928E-05-3.74100E-06
 -1        85-2.25112E-01 7.90728E-04-2.28044E-03-2.12195E-03 1.17673E-03-4.97297E-04
 -1        86-2.24209E-01-1.19240E-02-8.62045E-03 1.34283E-02-8.30821E-03 7.48779E-03
 -1        87-2.23269E-01-1.01906E-01-8.34989E-02-1.16739E-03 4.25978E-04 2.33283E-02
 -1        88-2.27828E-01-1.01725E-01-8.04292E-02 1.52368E-02 3.31433E-03 1.76495E-02
 -1        89-2.53087E-01-1.24655E-01-1.24655E-01-1.69614E-02-1.61011E-08 3.06545E-02
 -1        90-2.27270E-01 1.66867E-10 1.01239E-10-1.21685E-12-6.21018E-12-2.15513E-10
 -1        91-2.27270E-01 1.30254E-09 8.75828E-11-6.60906E-10 4.87547E-10-5.48514E-10
 -1        92-2.27270E-01 1.17318E-08-3.80932E-09-1.43727E-09 3.79962E-09-9.21992E-10
 -1        93-2.27271E-01 3.90693E-09-3.77924E-10-3.73614E-08 2.73033E-09-3.57239E-08
 -1        94-2.27271E-01 7.88794E-07-3.09213E-07-3.94641E-08 2.85445E-07 1.12140E-07
 -1        95-2.27271E-01 5.76226E-07 1.47860E-06-8.31646E-07-1.21102E-08-8.47492E-07
 -1        96-2.27349E-01-3.14521E-05-3.69784E-05 5.71016E-05-2.42882E-05 1.22239E-05
 -1        97-2.26780E-01-2.69858E-04-3.27098E-05-3.28297E-04 3.06126E-04-1.94412E-04
 -1        98-2.22903E-01 1.33312E-02 1.07008E-02-4.72248E-03-3.22641E-03 2.86681E-03
 -1        99-2.27270E-01 5.98771E-11-5.16283E-11-2.35792E-11-1.84940E-11-9.74204E-12
 -1       100-2.27270E-01 3.10372E-10-1.40830E-09-1.27500E-10-2.51007E-10-1.66385E-10
 -1       101-2.27270E-01 4.77950E-09 2.50222E-09-1.36509E-09 1.15001E-09-9.14410E-10
 -1       102-2.27270E-01 3.30638E-08 1.85267E-08-5.58620E-09 9.87197E-09-6.00061E-09
 -1       103-2.27271E-01 6.76771E-08-4.46086E-08-1.44786E-07-2.21409E-08-7.43873E-08
 -1       104-2.27270E-01 1.92340E-06 1.63533E-06 4.42244E-07 7.85667E-07 2.10153E-07
 -1       105-2.27287E-01-9.48227E-06-5.18060E-06-1.21605E-07-2.72343E-06-4.50651E-06
 -1       106-2.27309E-01-5.46947E-05-1.02658E-04-1.10880E-06 8.20127E-05 5.50930E-06
 -1       107-2.24406E-01 8.41680E-04-1.95186E-03-2.05417E-03-9.73672E-04 6.54753E-04
 -1       108-2.24899E-01-1.19870E-02-8.78572E-03 1.36853E-02 7.87153E-03-6.36888E-03
 -1       109-2.23013E-01-1.01862E-01-8.35622E-02-1.39579E-03-4.85013E-04-2.33622E-02
 -1       110-2.26044E-01-1.00849E-01-7.95593E-02 1.48941E-02-3.26722E-03-1.73105E-02
 -1       111-2.55595E-01-1.25890E-01-1.25890E-01-1.75290E-02 1.42279E-08-3.09811E-02
 -1       112-3.04943E-01-1.50196E-01-1.50196E-01 6.34161E-02-1.09533E-09-3.38753E-04
 -1       113-2.27270E-01-1.01206E-10-9.71304E-11 8.94469E-12 6.68202E-11-1.24176E-10
 -1       114-2.27270E-01 6.76748E-10-6.31933E-10 1.11842E-10-2.86039E-10-4.33642E-10
 -1       115-2.27270E-01 9.67945E-09-7.54374E-09-2.40882E-09-2.78281E-09-6.34471E-09
 -1       116-2.27270E-01 4.15488E-08-3.50949E-08 3.87803E-08 1.36881E-08 1.64363E-08
 -1       117-2.27270E-01 3.05695E-07 5.36657E-07-5.16779E-07-3.52922E-07-1.45512E-07
 -1       118-2.27266E-01 1.05841E-06-2.33920E-06 4.89552E-06 1.90321E-06-2.84410E-06
 -1       119-2.27291E-01-5.77751E-06 3.23268E-05 5.45510E-05-1.83061E-05 1.33245E-05
 -1       120-2.27239E-01 1.94277E-04-4.58936E-04-3.91229E-04 2.36792E-05 1.15584E-04
 -1       121-2.29848E-01 4.69553E-05 2.46066E-03-1.54857E-03-5.60295E-04-5.85340E-04
 -1       122-2.27270E-01-7.46489E-11-8.32166E-11-9.77896E-12 1.94931E-11-8.68146E-12
 -1       123-2.27270E-01-2.69336E-12-7.71127E-11 4.64068E-11 9.01789E-11-7.06635E-12
 -1       124-2.27270E-01 4.51745E-09-1.05967E-09-3.23540E-10-1.03444E-09-8.27948E-10
 -1       125-2.27270E-01-7.73134E-11-5.24544E-08 5.31948E-10 1.35960E-08 5.26269E-09
 -1       126-2.27270E-01 2.01431E-07 4.14591E-07-2.01335E-08-6.74854E-08-7.13938E-08
 -1       127-2.27272E-01-2.43282E-06-4.36558E-06 4.23028E-07 9.16405E-07 5.15751E-07
 -1       128-2.27267E-01 1.13133E-05 2.89909E-05 1.04134E-05-9.19187E-06-1.13032E-05
 -1       129-2.27213E-01 3.83131E-05-6.59088E-05-8.06981E-05-1.97582E-05 7.15824E-05
 -1       130-2.26185E-01 9.14542E-04 1.26709E-03-1.05163E-03-1.02201E-04 1.03135E-04
 -1       131-2.21441E-01-1.89038E-02 7.80604E-05 7.81040E-03 7.19521E-03-1.57377E-03
 -1       132-2.13333E-01-1.05075E-01-1.05075E-01-2.51840E-03 3.28277E-09 7.47518E-03
 -1       133-2.29043E-01 8.61304E-03 1.31827E-02 4.35927E-03-4.08824E-03-2.08282E-03
 -1       134-2.27364E-01 2.09673E-04-3.11528E-04 3.16569E-04 7.67411E-05 1.39663E-04
 -1       135-2.27281E-01-2.07691E-05 2.23083E-05-3.46277E-05 3.29395E-06 1.51594E-06
 -1       136-2.27270E-01-2.75255E-06-1.18535E-05-2.37379E-06-4.91151E-06-1.38354E-06
 -1       137-2.27271E-01 1.10983E-08 8.79854E-07 5.12178E-07 5.97039E-07-1.94622E-09
 -1       138-2.27270E-01-3.02527E-08-3.96000E-08-1.43301E-08-1.95901E-08 2.09563E-08
 -1       139-2.27270E-01-7.11759E-09-2.86655E-10 3.15789E-09-1.78609E-09 1.41890E-09
 -1       140-2.27270E-01-1.39786E-09 6.92383E-10-1.67706E-10-5.98621E-10 5.25243E-10
 -1       141-2.27270E-01 7.25107E-11 1.00615E-10-3.09658E-11 4.57559E-11 1.59534E-10
 -1       142-2.22824E-01-1.85314E-02-2.33457E-03-9.06110E-03-4.06414E-03-4.56963E-03
 -1       143-2.25701E-01 5.50381E-04 3.20269E-04 1.11139E-03-3.64803E-05 3.21880E-04
 -1       144-2.27231E-01 3.94733E-05-1.39493E-04 7.77260E-05 1.16686E-05 6.13113E-05
 -1       145-2.27273E-01-1.95098E-06 9.46031E-06-1.31430E-05 5.51047E-07-6.66980E-06
 -1       146-2.27273E-01-2.76000E-06-4.97269E-06-4.07403E-07-1.04640E-06 7.63332E-07
 -1       147-2.27270E-01 5.89832E-08 3.33803E-07-2.88701E-08 8.37630E-08-5.92958E-09
 -1       148-2.27270E-01-9.13651E-09-1.27236E-09 1.61091E-09-3.27515E-09 5.40385E-09
 -1       149-2.27270E-01-2.99035E-09 1.47088E-09-2.55680E-11-1.68065E-10-1.08724E-10
 -1       150-2.27270E-01-2.70073E-10 2.66967E-10-9.30923E-11-7.08318E-11-2.26304E-11
 -1       151-2.27270E-01 6.53731E-11 4.40009E-11 3.84324E-12 5.46728E-11 1.57869E-11
 -1       152-2.34542E-01-9.50821E-02-1.08776E-01-3.41365E-02 2.41219E-03 1.78665E-03
 -1       153-2.29979E-01 3.37441E-03 5.98598E-03 3.53790E-03 2.49153E-03 1.57456E-03
 -1       154-2.27283E-01 3.48665E-04 4.37851E-05 4.25979E-04-2.95325E-05-1.78437E-04
 -1       155-2.27288E-01-2.49362E-05 3.84634E-05-5.26335E-05-9.73691E-06 6.28616E-06
 -1       156-2.27268E-01 2.40130E-06-6.06537E-06-2.49472E-06 1.86718E-06 4.42841E-07
 -1       157-2.27270E-01 2.29970E-07 5.11691E-07 3.33988E-07-2.97380E-07 1.95948E-08
 -1       158-2.27270E-01 2.41914E-08-3.81850E-08-2.88589E-08 3.59425E-08 2.50058E-08
 -1       159-2.27270E-01 3.34875E-09 1.56030E-09-6.51646E-11-2.93572E-09 2.62269E-09
 -1       160-2.27270E-01 5.92383E-10-7.11660E-10 1.27644E-10-4.50609E-10 1.88177E-10
 -1       161-2.27270E-01-9.98046E-11-1.57730E-10 1.13330E-11 5.75287E-11 1.93932E-10
 -1       162-2.22461E-01-1.92471E-02-2.55054E-03-8.76283E-03 4.41784E-03 4.44266E-03
 -1       163-2.26281E-01 3.74569E-04 6.34681E-04 1.05237E-03-5.35376E-05-8.59001E-04
 -1       164-2.27185E-01 1.34898E-04-5.34829E-05 1.02208E-04-1.17147E-05-3.24546E-05
 -1       165-2.27267E-01 8.44924E-06 2.16214E-05-1.04646E-05-6.65820E-06 1.10547E-05
 -1       166-2.27272E-01-9.65587E-07-2.89856E-06 6.00734E-07 5.74764E-07-3.51489E-07
 -1       167-2.27270E-01 1.31155E-07 1.85225E-07-1.33091E-08-6.73269E-08 6.43632E-08
 -1       168-2.27270E-01 2.19765E-09-1.81501E-08 8.69680E-10 9.85063E-09-1.21005E-09
 -1       169-2.27270E-01 1.54038E-09-1.79301E-09 3.04019E-10-6.08623E-11 5.82472E-11
 -1       170-2.27270E-01 4.92136E-11-2.19131E-10 8.99839E-12-9.84662E-12 5.89325E-11
 -1       171-2.27270E-01-7.65760E-11-8.10026E-11 3.27274E-12 5.93552E-11 1.47640E-11
 -1       172-2.13363E-01-1.05090E-01-1.05090E-01-2.92250E-03-2.93886E-09-7.41584E-03
 -1       173-2.27270E-01 7.60212E-11 2.66740E-11 2.03386E-11 3.75120E-11-1.30288E-10
 -1       174-2.27270E-01-6.90182E-10 1.08506E-09-6.05303E-11-4.74921E-10-7.45213E-10
 -1       175-2.27270E-01-7.32249E-09 3.25404E-09-1.17354E-09 1.59424E-09-3.52449E-10
 -1       176-2.27270E-01-1.84484E-08 9.74996E-08 3.66008E-08-4.41393E-08-3.65703E-08
 -1       177-2.27271E-01-4.08149E-07-2.06619E-08-4.82423E-07 3.00280E-07-5.70751E-08
 -1       178-2.27270E-01-2.52886E-06-2.35445E-06 2.41858E-06-1.04829E-06 1.14749E-06
 -1       179-2.27282E-01-2.16840E-05 4.18810E-05 3.98230E-05-8.70935E-06 1.18090E-05
 -1       180-2.27019E-01 3.46309E-04-9.72740E-05-4.97436E-04-3.19009E-05-8.76476E-05
 -1       181-2.30174E-01 2.81099E-03 7.94632E-03-2.38427E-03-5.92890E-04 6.47863E-04
 -1       182-2.27270E-01 8.08371E-11 5.02858E-11 5.46675E-12 1.55347E-11-1.23265E-11
 -1       183-2.27270E-01 1.06969E-11 1.79384E-10 2.69038E-11 1.24215E-10 4.34672E-11
 -1       184-2.27270E-01-1.63113E-09 4.12905E-09-2.82024E-10 7.77538E-10-4.69136E-10
 -1       185-2.27270E-01-1.42391E-08-7.24859E-10 3.66937E-09-5.64265E-09-1.07884E-08
 -1       186-2.27270E-01 1.23573E-07 5.70230E-07-2.61487E-08 1.35830E-07 9.27076E-08
 -1       187-2.27272E-01-2.68580E-06-3.10526E-06-6.03752E-08-7.51995E-07-8.63089E-07
 -1       188-2.27271E-01-5.22901E-06 1.68982E-05 1.07829E-05 3.44362E-06 9.06917E-06
 -1       189-2.27162E-01 3.61627E-05-3.53100E-05-8.51507E-05-7.89097E-06-2.49108E-05
 -1       190-2.26215E-01 7.74291E-04 4.38614E-04-1.09785E-03 2.89732E-04-3.58921E-04
 -1       191-2.20465E-01-1.23997E-02-2.53399E-03 9.92396E-03-5.93234E-03 1.87678E-03
 -1       192-2.38685E-01-8.61009E-02-1.07180E-01 3.45097E-02 2.48779E-03-1.57831E-03
 -1       193-2.27270E-01 1.11953E-11-2.61784E-11 1.41441E-11 1.41898E-11 1.16824E-12
 -1       194-2.27270E-01 5.23592E-12 1.95211E-11 2.20077E-12 1.98890E-11 1.41905E-11
 -1       195-2.27270E-01 1.58685E-11-9.69308E-12 9.70799E-12 3.15092E-12 1.15979E-12
 -1       196-2.27270E-01 2.40823E-12 1.39672E-11-1.04217E-11 1.13370E-11 1.02320E-12
 -1       197-2.27270E-01-9.92707E-12 1.11112E-11-7.19467E-12 4.15349E-12 5.30167E-12
 -1       198-2.27270E-01-1.78909E-11-3.88257E-11-1.19743E-12 1.27766E-11-1.54257E-11
 -1       199-2.27270E-01 7.65610E-12-4.90374E-12 8.62481E-12 9.40659E-12-1.25609E-11
 -1       200-2.27270E-01-9.37025E-12 8.52391E-12 7.85472E-12 5.74271E-13-3.29277E-12
 -1       201-2.27270E-01 8.24011E-12 3.10104E-11-1.52331E-11 1.34105E-11-1.85049E-11
 -1       202-2.27270E-01 1.74931E-11-9.27912E-12-9.73103E-12 3.38144E-12-5.99623E-13
 -1       203-2.09982E-01 3.61770E-02 2.16542E-02 8.75125E-03 7.18840E-04 5.48230E-04
 -1       204-2.27281E-01 2.06369E-06-1.78540E-05-3.15057E-06-4.23302E-06 2.55651E-06
 -1       205-2.27360E-01-4.28338E-05 1.77162E-04 1.34562E-05-3.25850E-05-1.27791E-05
 -1       206-2.25466E-01-3.10568E-05-1.37422E-03-5.35621E-04 1.77160E-05 1.31493E-05
 -1       207-2.27270E-01-9.21978E-12 1.81756E-11 1.50272E-12 1.53625E-11-2.03498E-11
 -1       208-2.27270E-01 2.73080E-11-1.00719E-10-4.82781E-11 1.54207E-10-7.13262E-12
 -1       209-2.27271E-01-7.98123E-08-5.39124E-07-1.06694E-07 6.85045E-10-1.96694E-08
 -1       210-2.27270E-01 8.12470E-09 2.56708E-08 6.18509E-09 3.06771E-09 6.09082E-10
 -1       211-2.27270E-01-2.70450E-10-4.58678E-10-3.52198E-10 1.20631E-09 1.81719E-09
 -1       212-2.27269E-01-4.88884E-07 3.69961E-06 6.78033E-07-2.92381E-07 2.76188E-07
 -1       213-2.27270E-01-1.25020E-11 1.90499E-11-3.62214E-13 1.26625E-11-1.09402E-11
 -1       214-2.27270E-01-2.59966E-12-2.98847E-11 4.19974E-13 1.16177E-11-1.30100E-11
 -1       215-2.27270E-01 9.38029E-11 6.02514E-11 1.01315E-11 9.16942E-12 4.82604E-12
 -1       216-2.27270E-01-4.54060E-11 4.93597E-11-1.62418E-12 8.40817E-12 1.41414E-11
 -1       217-2.30194E-01-3.85444E-03-3.39467E-02-1.03313E-02 4.95645E-03 7.31901E-03
 -1       218-2.34240E-01-9.96324E-03-3.68565E-02-1.44476E-02-3.16176E-03-6.82057E-03
 -1       219-2.15042E-01 1.85959E-03 8.52694E-03 8.81222E-04-2.83914E-03-7.30009E-04
 -1       220-2.14598E-01 4.66749E-04 1.03430E-02 2.91841E-03 4.02342E-03 5.14291E-04
 -1       221-2.26207E-01-7.09959E-05-4.72761E-04-1.18238E-04-2.44508E-05 9.41218E-05
 -1       222-2.23265E-01-1.37125E-05-1.68403E-03 8.62059E-04-7.46993E-04 4.98585E-04
 -1       223-2.19666E-01-8.16026E-04-1.42012E-03 1.76515E-03-5.44566E-05-2.17716E-04
 -1       224-2.24590E-01-1.96369E-04-1.77682E-03 6.38472E-04 4.38974E-04-5.62537E-05
 -1       225-2.27384E-01-1.93415E-05 9.54130E-06-1.91050E-05 8.32301E-06-3.99893E-06
 -1       226-2.27319E-01-6.20266E-05 1.85525E-04 8.08896E-06 5.22304E-05-7.91554E-05
 -1       227-2.27146E-01 4.27191E-05 3.59217E-04 1.31445E-04 5.30482E-05 5.91175E-05
 -1       228-2.27241E-01 1.83392E-05 2.92319E-04 5.68612E-05-6.38791E-05 3.53427E-05
 -1       229-2.25986E-01 7.68109E-05-1.70123E-05-3.90999E-05-6.26066E-05 8.22416E-06
 -1       230-2.27275E-01-1.23806E-06-2.73528E-06 5.90848E-07-2.68078E-06 2.74044E-06
 -1       231-2.27288E-01-9.05653E-07-2.74649E-05-4.92391E-06-5.82376E-06 9.89072E-06
 -1       232-2.27336E-01-1.30135E-05-4.85130E-05-3.38290E-05 2.50635E-06-3.04130E-07
 -1       233-2.27291E-01 1.27376E-06-1.73366E-05 1.86067E-07 2.27085E-06-5.87211E-06
 -1       234-2.27416E-01-6.26120E-05-2.20091E-05-2.15442E-05-2.25847E-05-3.63452E-06
 -1       235-2.27271E-01-5.40945E-07 8.42698E-07 2.50666E-07 2.27891E-07-2.20903E-07
 -1       236-2.27269E-01 1.28029E-07 5.03642E-06-5.20459E-08 2.00929E-07-1.11143E-07
 -1       237-2.27269E-01-1.54995E-06 7.43527E-06 6.55466E-07 1.23914E-06 2.11545E-07
 -1       238-2.27272E-01 3.81542E-06-2.77996E-06-1.49637E-06-3.26744E-07-8.54424E-07
 -1       239-2.27268E-01-1.53343E-08 6.87903E-06 4.57637E-07 4.32451E-07 8.15527E-07
 -1       240-2.27271E-01-2.85066E-10-1.79622E-07-3.54827E-08-1.80326E-08 5.34588E-08
 -1       241-2.27271E-01 7.39987E-08-8.20820E-07-4.02606E-08 9.28707E-08 4.90571E-09
 -1       242-2.27270E-01 1.09766E-07-8.61302E-07-5.61927E-08 1.84799E-07 4.22123E-08
 -1       243-2.27271E-01-1.69156E-07-5.92458E-07-1.13493E-07 5.30742E-08-7.10977E-08
 -1       244-2.27269E-01 2.50049E-07 1.89722E-06 2.62657E-07-4.88929E-07 7.01199E-07
 -1       245-2.27270E-01 3.04867E-09 5.06729E-09 2.33827E-09 3.89836E-09 4.06911E-09
 -1       246-2.27270E-01 4.15158E-08 4.96509E-08 1.05670E-08 1.29877E-08 1.69931E-09
 -1       247-2.27270E-01-3.10903E-08 3.51935E-08 2.00098E-08 1.94107E-08 3.22619E-08
 -1       248-2.27270E-01-2.87314E-08-1.02870E-07-4.50805E-08 5.35846E-08-5.04387E-09
 -1       249-2.27270E-01-2.73191E-08 4.79274E-08-1.91849E-09 1.19821E-08 5.87280E-09
 -1       250-2.27270E-01 6.27903E-11-7.87073E-10 2.56083E-10 8.92587E-10 1.59926E-09
 -1       251-2.27270E-01 2.01840E-09-2.31053E-09 9.71474E-10 5.27334E-10 1.34103E-09
 -1       252-2.27270E-01-9.38521E-10-5.66916E-10-8.82415E-10 3.95360E-09 5.38682E-09
 -1       253-2.27270E-01 7.13347E-09 1.63923E-08 4.38951E-09 1.23218E-09 6.66799E-09
 -1       254-2.27270E-01-2.76807E-09 2.45479E-09-8.81226E-10 2.23296E-09 1.56596E-09
 -1       255-2.27270E-01-6.50871E-11-1.77963E-10-1.04875E-11 6.16296E-11 1.25270E-10
 -1       256-2.27270E-01 4.55089E-10-1.94004E-11 6.15336E-11 1.38515E-11-8.11138E-11
 -1       257-2.27270E-01-4.08494E-10-3.74926E-10-3.38025E-11 4.74342E-10 7.55121E-10
 -1       258-2.27270E-01-6.86692E-10-2.20216E-10-1.70674E-10 9.56637E-11-1.50625E-10
 -1       259-2.27270E-01-2.80317E-10 5.88210E-10-2.30553E-10 5.97176E-10 1.62147E-09
 -1       260-2.27270E-01 6.08479E-11 6.90061E-11 3.25460E-11 2.97835E-11 1.34021E-10
 -1       261-2.27270E-01 2.95990E-11 1.03487E-10 1.14125E-12 8.75923E-11 1.08755E-10
 -1       262-2.27272E-01-1.92097E-06 1.92512E-07-5.54564E-07-3.58510E-08 8.40907E-07
 -1       263-2.27269E-01 6.17304E-06-4.42941E-06 1.02429E-06 3.37185E-07 9.64060E-07
 -1       264-2.27270E-01 1.38296E-07-1.01296E-08-1.17245E-07-1.57078E-09-1.18804E-07
 -1       265-2.27270E-01 5.91674E-09 1.20875E-08-2.00035E-08-1.48337E-08 5.60426E-10
 -1       266-2.27077E-01 7.29787E-06 3.56759E-05 2.41878E-06 4.06890E-06 1.02409E-05
 -1       267-2.27270E-01 1.25113E-09-1.70152E-10-2.71070E-09-4.02210E-10-1.94943E-10
 -1       268-2.30171E-01 2.06930E-03 3.94527E-04 3.97760E-04-2.37619E-05-5.21055E-04
 -1       269-2.27270E-01-1.29726E-10 7.00926E-12-4.76400E-10 5.96325E-11 2.49973E-11
 -1       270-2.27270E-01-2.70284E-11 8.66280E-12-7.90305E-11-1.23308E-11 5.26281E-12
 -1       271-2.25302E-01 7.92553E-03 2.06527E-02-2.29160E-03-1.23738E-03-5.57705E-03
 -1       272-2.27270E-01 1.20808E-11 1.73625E-12-4.25641E-11-5.72879E-12 3.07352E-12
 -1       273-2.27270E-01-5.87640E-12-1.24561E-11-4.85464E-11-1.93133E-12-3.94857E-12
 -1       274-2.27270E-01-2.98022E-11-1.12211E-10-4.31992E-11-1.22343E-11-2.23292E-11
 -1       275-2.27270E-01-3.28580E-11-5.58563E-11-3.87438E-11-4.62984E-12-2.05409E-12
 -1       276-2.27270E-01-2.38587E-11 1.08634E-10-5.09703E-12-2.66447E-12 6.31603E-12
 -1       277-2.21583E-01-2.20038E-02 9.89262E-03-1.45367E-02 1.91947E-03 2.93659E-04
 -1       278-2.28556E-01 1.71698E-03-3.01352E-04 2.35982E-03 1.17396E-04 1.31699E-03
 -1       279-2.10390E-01-2.27156E-02 1.17842E-02-1.74798E-03 1.36589E-03 4.14187E-03
 -1       280-2.28449E-01 9.01988E-04-2.10661E-03-3.37264E-03 2.15412E-03-2.24576E-03
 -1       281-2.22281E-01-2.43105E-02 1.95604E-03 1.43827E-02-1.43963E-03-4.27805E-04
 -1       282-2.30163E-01 1.06954E-03-1.65032E-03 1.96608E-03 7.99962E-04-5.88587E-04
 -1       283-2.28281E-01 8.69514E-04 3.57767E-04 7.30404E-04 8.80197E-05-6.38802E-04
 -1       284-2.30393E-01-2.48329E-03-4.18731E-05-6.21887E-05-1.22408E-03-1.08062E-03
 -1       285-2.26911E-01 4.05637E-05-6.12290E-05 8.77524E-05-5.84639E-06 9.78373E-05
 -1       286-2.27265E-01-6.89374E-05 3.99167E-05-7.19679E-05-2.56526E-05-1.39029E-05
 -1       287-2.28059E-01 1.02815E-03 3.14467E-04 8.29716E-05-1.21223E-05-2.13893E-05
 -1       288-2.27243E-01 2.61885E-05 2.98804E-05-5.91632E-06 3.37690E-06 3.36893E-06
 -1       289-2.27273E-01-2.04597E-06-1.71666E-05 6.75023E-06 3.63018E-07 5.21749E-06
 -1       290-2.27220E-01-6.52819E-06-3.23554E-05 8.10481E-06 6.74929E-07-1.62585E-06
 -1       291-2.27272E-01-1.43857E-06 9.15297E-07-3.17836E-07-4.14311E-07-6.11834E-08
 -1       292-2.27270E-01 5.21308E-08 4.13374E-07-8.30565E-07-1.53269E-07 1.06933E-07
 -1       293-2.27277E-01-5.77167E-06-1.02780E-06-4.54200E-07 2.12938E-07 1.73068E-07
 -1       294-2.27271E-01 4.33716E-07-2.43478E-07-8.86337E-08 1.50460E-07-2.09407E-07
 -1       295-2.27271E-01 1.10303E-07 5.61526E-08 7.48782E-09 1.44448E-08 1.41528E-08
 -1       296-2.27270E-01 9.95443E-08 1.68106E-07-3.07022E-07-6.28476E-08 6.82905E-08
 -1       297-2.27270E-01-2.37297E-08-1.87832E-08 7.82392E-09-8.81164E-09 4.81249E-10
 -1       298-2.27270E-01 2.67541E-08 2.28305E-08-8.53018E-09 1.70462E-09-4.37720E-09
 -1       299-2.27271E-01 3.21040E-08-7.71575E-09-5.89701E-08 9.61289E-09-1.84102E-08
 -1       300-2.27270E-01 4.09522E-09-6.39188E-09-1.20409E-10 1.36474E-09-2.13482E-09
 -1       301-2.27270E-01 2.30304E-09 5.23128E-11-1.00623E-09-2.50522E-10-3.76587E-12
 -1       302-2.27270E-01-2.56869E-09 7.35976E-13-9.86718E-09-6.28826E-10 1.15053E-10
 -1       303-2.27270E-01-5.86501E-10-1.51179E-09-4.49265E-11 4.58418E-12-3.63004E-10
 -1       304-2.27270E-01-1.21223E-10-4.80638E-12-3.52111E-10-2.81040E-11 5.19061E-11
 -1       305-2.27270E-01 3.03921E-10-1.84719E-10-1.75930E-09 1.08386E-10-7.16603E-13
 -1       306-2.27270E-01-4.16639E-11 7.97448E-12-2.78745E-10 6.44352E-12 6.33269E-13
 -1       307-2.27270E-01-4.50605E-10-7.83663E-10-2.86222E-10 1.90473E-10-1.20933E-10
 -1       308-2.27270E-01 6.33482E-10 1.98100E-09 8.70247E-11 4.74198E-11 4.91185E-10
 -1       309-2.27270E-01-1.67069E-09-2.45678E-10-1.33202E-09-2.46614E-10-7.59759E-11
 -1       310-2.27270E-01 1.89055E-09 8.78141E-09 3.19664E-10-5.81158E-10 1.96065E-09
 -1       311-2.27270E-01-1.02996E-08 1.00587E-09-6.17783E-09-5.02048E-10-5.31532E-10
 -1       312-2.27270E-01-3.20947E-08 5.65374E-08-9.91569E-09 4.68120E-09 2.00248E-08
 -1       313-2.27270E-01-7.82157E-08-3.05124E-08-9.57845E-08-7.95687E-09-1.00031E-08
 -1       314-2.27270E-01 1.26597E-07 3.64279E-08-3.09808E-08-5.35237E-08-2.65388E-08
 -1       315-2.27270E-01-7.45213E-07 2.02366E-07 3.71924E-07 1.52199E-07 7.29472E-08
 -1       316-2.27272E-01-3.06103E-06 2.09957E-07 8.56727E-08 6.89527E-07 7.80519E-07
 -1       317-2.27271E-01 1.13545E-06-2.78114E-06-4.57282E-06-3.16567E-07-6.87663E-07
 -1       318-2.27258E-01 2.22287E-05 1.56216E-05 4.47082E-06 2.32902E-06 5.03139E-06
 -1       319-2.27285E-01-3.67638E-05 9.11103E-05 9.04359E-05 2.98238E-05-1.96728E-05
 -1       320-2.27115E-01-1.84557E-04-2.49175E-04-1.32335E-04-8.80476E-08 8.35458E-05
 -1       321-2.28240E-01 1.17435E-03 6.16026E-04-6.06820E-04-4.13718E-04-3.61743E-05
 -1       322-2.28162E-01 3.72455E-03-3.00085E-04-1.32428E-03 2.84337E-04-3.67035E-04
 -1       323-2.27273E-01-1.91013E-06 4.89777E-07 6.17099E-07-3.94169E-07 3.32827E-08
 -1       324-2.27267E-01 9.86074E-07-5.16553E-06 4.51816E-07 9.03694E-07-2.27300E-06
 -1       325-2.27270E-01 1.61796E-07-1.67169E-07 1.63291E-07-9.82790E-08 3.20097E-08
 -1       326-2.27270E-01-1.43948E-08 9.84926E-10 1.74075E-08-1.38822E-09-7.89770E-09
 -1       327-2.27084E-01 3.23882E-05 3.30061E-05-3.45484E-05-5.67054E-06 7.77402E-06
 -1       328-2.27270E-01-8.24912E-10 5.18915E-11 2.43303E-09-3.93222E-10 1.03115E-10
 -1       329-2.30205E-01 1.93820E-03 3.75096E-04 1.38506E-04-3.67521E-05 4.41343E-04
 -1       330-2.27270E-01 9.13599E-11-4.93330E-11 4.68478E-10 7.26248E-11 7.77594E-11
 -1       331-2.27270E-01 9.54651E-12 6.35053E-12 8.55780E-11-1.10640E-11-9.91564E-12
 -1       332-2.24722E-01 8.26631E-03 2.09603E-02-1.36175E-03 1.19093E-03 5.75321E-03
 -1       333-2.27270E-01 1.65161E-11 1.41871E-11 4.83643E-11-1.01848E-12-3.76749E-12
 -1       334-2.27270E-01-6.94378E-12 1.14217E-11 3.66273E-11-3.29124E-12-1.84998E-12
 -1       335-2.27270E-01 3.74353E-12 1.04583E-10 3.81000E-11-1.02213E-11-3.07579E-11
 -1       336-2.27270E-01 3.36107E-11 6.64303E-11 4.66592E-11-1.75084E-12-4.63516E-12
 -1       337-2.27270E-01 6.49957E-12-8.86813E-11 8.95463E-12-6.28198E-12 2.86548E-12
 -1       338-2.26970E-01 1.52142E-03-2.49186E-04 3.13708E-03-2.11850E-04-1.31717E-03
 -1       339-2.22492E-01-2.20067E-02 9.91596E-03-1.45823E-02-1.84695E-03-2.30683E-04
 -1       340-2.10267E-01-2.22704E-02 1.18860E-02-1.46952E-03-1.42788E-03-4.14899E-03
 -1       341-2.21453E-01-2.43473E-02 1.78464E-03 1.43959E-02 1.30188E-03 4.82369E-04
 -1       342-2.30233E-01 3.85209E-04-2.57197E-03-2.84216E-03-2.05277E-03 2.01036E-03
 -1       343-2.28222E-01 8.06716E-04 2.25871E-05 6.19425E-04 5.35617E-05 2.50772E-04
 -1       344-2.29300E-01 8.02122E-04-1.30917E-03 1.65932E-03-4.31634E-04 3.86946E-04
 -1       345-2.30391E-01-2.77986E-03-1.45866E-04 3.37212E-04 6.90387E-04 1.00328E-03
 -1       346-2.27294E-01-7.90452E-05 2.83796E-05-8.15358E-05 2.29474E-05 2.14097E-05
 -1       347-2.27098E-01 3.42529E-05-1.63903E-04 1.03013E-04-5.27975E-06 5.09746E-07
 -1       348-2.28018E-01 9.93870E-04 2.47801E-04-5.68540E-05 1.83425E-07 8.56210E-06
 -1       349-2.27271E-01-2.52187E-06-1.74371E-06 2.84970E-06-1.20222E-06-2.68875E-08
 -1       350-2.27264E-01 1.49980E-06 1.62397E-05-6.90576E-06 1.14534E-06-4.00659E-06
 -1       351-2.27231E-01-6.89410E-06-3.13724E-05-6.43902E-06-4.31442E-07-9.89009E-07
 -1       352-2.27270E-01-8.62430E-08 8.32737E-07-3.10738E-07-2.39369E-07 1.02782E-07
 -1       353-2.27272E-01-2.28764E-06 1.93114E-06-2.80051E-07 8.14251E-07-1.46829E-06
 -1       354-2.27276E-01-7.85006E-06-5.80060E-07 4.99181E-07 1.90209E-07 6.58106E-07
 -1       355-2.27270E-01-1.35565E-07-2.34715E-07 1.25976E-07 3.06148E-08-3.19063E-08
 -1       356-2.27270E-01 3.82548E-07-1.67258E-08-1.27692E-08-1.48734E-07 5.11398E-08
 -1       357-2.27270E-01 3.27972E-07 5.20435E-07 3.33949E-07 2.45677E-08-3.91960E-08
 -1       358-2.27270E-01-2.53702E-08-1.27189E-08 1.78343E-09 4.24070E-09 4.54348E-09
 -1       359-2.27270E-01-5.63628E-08 5.44439E-08 1.49089E-08 1.84439E-08-2.32717E-08
 -1       360-2.27271E-01 4.69108E-08-2.02872E-08 6.63342E-08-5.14441E-09 5.16421E-09
 -1       361-2.27270E-01-2.16567E-09 7.28659E-11 8.64234E-10-3.03232E-10 8.09825E-11
 -1       362-2.27270E-01 6.62008E-10 5.68026E-09-9.20847E-10-5.69971E-11-1.40399E-09
 -1       363-2.27270E-01-5.55315E-09 2.61425E-09 9.56286E-09-8.18571E-10-1.07128E-09
 -1       364-2.27270E-01 9.88025E-11-1.00850E-11 3.67504E-10-3.92354E-11 5.64997E-11
 -1       365-2.27270E-01 4.85220E-10 1.54181E-09 1.02244E-10 1.00573E-11-3.92345E-10
 -1       366-2.27270E-01 4.74485E-10 1.41109E-11 1.71676E-09 1.50630E-10 8.30274E-11
 -1       367-2.27270E-01-4.48665E-11-1.25162E-11 2.77360E-10 5.83931E-12-3.30789E-12
 -1       368-2.27270E-01-7.20190E-10-1.84470E-09-1.47092E-10 9.52815E-12 4.16324E-10
 -1       369-2.27270E-01 3.11748E-10 6.16498E-10 2.62090E-10 1.35330E-10-7.78316E-11
 -1       370-2.27270E-01 1.29533E-09-1.06221E-08 8.72518E-10 2.62273E-10 3.41103E-09
 -1       371-2.27270E-01 1.65781E-09 2.48523E-10 1.36330E-09-2.73465E-10-1.69206E-10
 -1       372-2.27271E-01-2.97200E-08-5.09850E-08-7.30773E-09-1.13335E-08 4.06150E-09
 -1       373-2.27270E-01 1.11635E-08 2.00275E-09 1.21388E-08-1.49771E-09-1.05845E-09
 -1       374-2.27271E-01 4.24836E-07-3.93348E-07 2.69096E-08 7.31898E-08 1.66612E-07
 -1       375-2.27271E-01 1.02836E-07-3.19093E-08-2.05844E-08 2.33057E-09 6.44816E-09
 -1       376-2.27273E-01-1.81926E-06-1.13110E-06 6.68867E-07-5.59134E-07-4.59168E-08
 -1       377-2.27271E-01 2.80766E-07 3.18637E-07 7.30342E-07-1.23494E-07-1.31642E-07
 -1       378-2.27254E-01 1.61231E-05 1.09180E-05 6.58086E-06 1.15202E-06-1.89111E-06
 -1       379-2.27270E-01 1.32462E-06-1.20836E-06-3.19883E-06 1.06068E-06-1.85702E-08
 -1       380-2.26969E-01-8.82172E-05-1.75675E-04-1.67384E-04 9.28382E-06-8.36786E-05
 -1       381-2.27267E-01-3.54365E-05 4.70307E-05 5.66523E-05-2.55446E-05 3.32107E-05
 -1       382-2.28050E-01 3.66244E-03-1.43707E-04-1.60611E-03-1.27715E-04 1.91874E-04
 -1       383-2.28248E-01 1.03822E-03 6.80297E-04-6.05218E-04 3.91891E-04 3.11308E-05
 -1       384-2.27270E-01 1.93150E-11 5.62485E-11-9.12405E-12 3.07577E-12 2.02003E-11
 -1       385-2.27270E-01 6.80227E-09 2.38228E-08-9.07908E-09 1.40260E-08-6.45288E-09
 -1       386-2.27270E-01-2.27026E-10-7.50459E-11 1.13283E-10 1.47367E-09-1.08324E-09
 -1       387-2.27270E-01-1.14215E-11-1.14647E-10 9.63450E-13 7.51478E-11 8.48852E-11
 -1       388-1.99677E-01 4.45987E-02 2.87113E-02-1.33346E-02-7.42633E-04 6.48398E-04
 -1       389-2.27289E-01-2.68564E-03-4.72646E-03 1.62950E-03 5.31785E-05-1.69497E-04
 -1       390-2.27270E-01-3.58737E-07 2.27819E-06-7.41704E-07 3.39143E-07-3.27494E-10
 -1       391-2.27281E-01 4.56545E-06-2.23819E-05 5.14877E-06-4.76881E-06-1.38652E-06
 -1       392-2.27357E-01 2.41815E-05 1.02566E-04-3.56960E-05 1.63369E-05-1.93080E-05
 -1       393-2.27271E-01-3.69643E-08-4.64725E-07 1.20899E-07 4.91995E-08-4.47643E-08
 -1       394-2.27270E-01 2.51846E-11 3.09063E-11-5.60884E-12-4.67157E-12 2.79795E-12
 -1       395-2.27270E-01-1.45795E-11-1.02174E-11 2.05995E-12 3.54947E-14 2.92536E-12
 -1       396-2.27270E-01-9.12352E-11 3.49342E-11 1.73682E-11 2.11517E-11-1.02106E-11
 -1       397-2.27270E-01 8.44740E-11 1.33517E-11-3.13729E-11 2.68749E-11-1.00194E-11
 -1       398-2.26038E-01-6.89768E-03-3.31710E-02 1.74208E-02 3.17055E-03-8.44655E-03
 -1       399-2.22876E-01 5.07574E-04-2.98380E-02 1.27695E-02-4.88551E-03 8.49497E-03
 -1       400-2.14235E-01 1.89130E-02 1.32175E-02-1.02213E-02 4.93303E-03 1.43017E-03
 -1       401-2.16464E-01 1.96474E-02 1.52295E-02-8.19997E-03-5.50115E-03-2.22494E-03
 -1       402-2.27270E-01-9.87378E-10-3.66254E-10 3.30309E-10 2.82638E-10 1.58756E-10
 -1       403-2.27270E-01 7.07768E-11 1.71265E-10-4.62380E-11 4.94621E-11-9.69491E-11
 -1       404-2.27270E-01-3.59910E-11 2.58958E-11 2.94684E-11 5.60249E-11-1.57359E-10
 -1       405-2.27270E-01-5.69785E-11-2.18051E-10 4.62284E-11 2.39421E-11-1.32400E-10
 -1       406-2.27270E-01-3.19772E-09 2.26418E-09 9.46769E-10 9.80530E-10-5.55830E-10
 -1       407-2.27270E-01-1.27131E-10 7.19771E-10 2.04670E-10 6.41310E-10-1.34978E-09
 -1       408-2.27270E-01-4.60006E-10-5.26652E-10-4.31629E-11 5.08519E-10-7.79657E-10
 -1       409-2.27270E-01 5.29020E-10-2.34411E-10-1.66108E-10 8.57781E-10-1.27161E-09
 -1       410-2.27270E-01 1.16518E-09 5.19701E-10-2.92577E-10 3.08429E-10 6.87717E-11
 -1       411-2.27270E-01-2.91620E-08 3.92428E-08 1.68349E-09 9.48075E-09-5.80152E-09
 -1       412-2.27270E-01-3.50843E-09 1.07902E-08-6.34589E-11 7.05236E-09-7.37713E-09
 -1       413-2.27270E-01 5.15336E-09 2.71270E-09 1.10940E-09 4.17833E-09-3.91721E-09
 -1       414-2.27270E-01 5.34766E-10-3.34211E-09-8.87632E-10 6.21742E-09-5.61243E-09
 -1       415-2.27270E-01 5.35060E-09-2.56587E-09-9.95694E-10 1.81575E-09-2.04206E-10
 -1       416-2.27270E-01-1.46094E-07-4.74748E-07 9.06597E-08 1.04064E-07-4.96009E-08
 -1       417-2.27270E-01 3.44141E-08-6.75349E-08 2.17758E-08 4.29399E-08-2.63185E-08
 -1       418-2.27270E-01-4.15889E-08 9.75101E-09-1.17874E-08 1.97587E-08-2.53619E-08
 -1       419-2.27270E-01 4.33059E-08 3.48029E-08-1.42735E-08 1.52221E-08-9.25721E-09
 -1       420-2.27271E-01 6.44512E-08-9.62901E-08 1.45058E-08 3.70692E-08-6.58303E-08
 -1       421-2.27268E-01 5.47276E-07 5.12567E-06-1.50233E-07 3.78828E-07-3.16408E-07
 -1       422-2.27270E-01-2.58252E-07 8.01114E-07-1.48441E-07-6.69823E-08-4.07512E-07
 -1       423-2.27270E-01 1.41938E-07-6.93259E-07 1.99751E-08 1.57907E-07-1.20318E-07
 -1       424-2.27270E-01-2.78279E-07 2.71167E-07-1.88552E-07 1.89588E-07 9.34686E-08
 -1       425-2.27271E-01 1.17737E-07-7.18577E-07 7.98306E-09 7.94989E-08-2.86618E-08
 -1       426-2.27293E-01 5.63260E-06-3.88720E-05-2.96846E-06 4.16534E-06 5.64523E-06
 -1       427-2.27271E-01 5.59064E-06-2.85538E-06 1.58554E-06-2.47679E-07 1.77031E-06
 -1       428-2.27269E-01 7.31087E-07 6.45993E-06-1.24463E-06 6.26792E-07 6.78491E-08
 -1       429-2.27269E-01 1.39157E-06 4.48364E-06-3.61601E-07 4.21276E-07 5.34107E-07
 -1       430-2.27276E-01 3.31372E-06-9.62684E-06 1.94497E-06-1.73197E-07-2.79401E-06
 -1       431-2.27378E-01-8.91255E-05 1.60592E-04 9.68089E-06-9.43344E-05-1.00549E-04
 -1       432-2.27421E-01 1.44613E-06-5.76139E-05 2.03572E-05 3.33784E-06 7.60910E-06
 -1       433-2.27342E-01-8.58216E-06-6.20499E-05 3.24244E-05-2.65939E-06 2.95274E-06
 -1       434-2.27294E-01-6.75087E-06-3.46288E-05 5.68296E-06-9.03797E-06-7.45199E-06
 -1       435-2.27392E-01 1.19456E-05-1.24517E-05 1.32144E-05 3.49366E-06-1.73606E-05
 -1       436-2.25605E-01-8.07761E-04-3.57776E-03-5.77362E-04 7.45536E-04-7.68516E-04
 -1       437-2.26350E-01-1.15738E-03-1.59467E-03 4.04165E-04-1.58131E-04 5.48189E-05
 -1       438-2.26992E-01 6.24526E-05 3.67912E-04-2.67398E-04 4.43670E-06 2.59379E-05
 -1       439-2.26190E-01-4.28429E-04-1.22033E-03 4.45008E-04 6.57763E-05-8.31959E-05
 -1       440-2.27323E-01-7.33242E-05 3.17926E-05 1.84795E-05 7.60748E-05 9.25613E-05
 -1       441-2.22620E-01 6.16927E-04-1.81062E-03-1.28491E-03-6.11649E-04 3.07336E-04
 -1       442-2.24292E-01 7.38461E-04-2.27615E-03-4.62447E-04-1.43576E-03 1.07878E-03
 -1       443-2.27270E-01 1.69286E-11 3.92345E-11-5.81729E-11 4.50256E-12 1.54096E-12
 -1       444-2.24681E-01-4.65281E-03 3.85612E-02 9.21566E-04 2.57398E-03-4.81386E-03
 -1       445-2.27270E-01 7.23053E-09-2.10136E-09-9.02711E-10-3.86044E-09 1.51495E-09
 -1       446-2.27293E-01-3.16417E-05-1.08134E-05 1.60140E-06 2.16920E-06 9.90788E-06
 -1       447-2.27271E-01-1.59816E-07 2.55398E-08 2.57784E-08-9.61766E-08 9.07112E-08
 -1       448-2.27267E-01 1.91966E-06-1.27583E-06-1.97552E-07-3.69024E-07-1.35200E-06
 -1       449-2.27270E-01-4.89903E-11 2.75537E-11-5.09347E-11 7.95826E-11 4.36524E-12
 -1       450-2.30195E-01 1.96398E-03-1.09487E-04 1.39386E-04 4.93341E-05-2.04162E-05
 -1       451-2.27270E-01 3.85859E-10-1.46269E-09 1.82719E-09-5.75999E-09 4.62900E-10
 -1       452-2.27259E-01-3.21604E-05 1.81904E-05-7.11494E-07-4.10466E-06 1.79899E-05
 -1       453-2.27270E-01-1.28338E-11 3.04041E-12-2.03361E-11-1.38282E-12-5.37757E-12
 -1       454-2.27270E-01 3.67707E-11 5.79899E-11-2.03723E-11 1.23165E-11 1.19884E-11
 -1       455-2.27270E-01-8.15077E-11-4.10808E-11-4.83024E-11 4.35332E-12-2.24167E-11
 -1       456-2.27270E-01 2.75532E-11-2.82043E-11-4.03172E-11 1.90461E-11 9.60038E-12
 -1       457-2.07674E-01-3.50238E-02 1.05579E-02-8.98624E-03 1.87750E-03-2.13021E-03
 -1       458-2.18748E-01-3.89016E-02-5.16135E-03 1.00045E-02 2.35188E-03 2.87741E-03
 -1       459-2.35399E-01-1.00619E-02 2.92395E-03 2.84137E-04-2.34331E-04-1.43911E-03
 -1       460-2.38182E-01-4.13710E-03 6.22835E-03-3.22006E-03 2.92350E-04-4.54701E-04
 -1       461-2.27270E-01 3.46012E-10-1.54289E-10 1.09243E-10 9.65293E-12-1.13209E-11
 -1       462-2.27270E-01-1.62781E-10 6.49572E-12-5.98754E-11-2.27430E-11-6.34445E-11
 -1       463-2.27270E-01-5.63586E-12-1.26247E-11-4.83831E-11-1.62351E-10 2.98394E-11
 -1       464-2.27270E-01 5.48786E-11-2.36256E-11-1.09507E-10-1.88346E-11 2.99318E-11
 -1       465-2.27270E-01 1.10251E-08 6.24005E-09 1.21121E-09-8.53585E-09-8.98624E-10
 -1       466-2.27270E-01 2.13809E-09 1.48908E-09 3.13580E-11-1.47831E-10 3.11696E-10
 -1       467-2.27270E-01-2.13907E-11-2.88855E-10 1.02347E-10-1.17645E-09-3.07718E-11
 -1       468-2.27270E-01-3.74223E-10 1.40840E-10 1.64741E-11 4.31075E-11 4.73517E-11
 -1       469-2.27270E-01-7.31022E-10-9.50329E-10 2.20036E-10-8.36549E-10 8.41603E-11
 -1       470-2.27270E-01 6.43039E-08-3.89727E-09 1.25400E-08 1.96150E-08 7.56823E-09
 -1       471-2.27270E-01 1.56773E-08 1.28117E-08-8.07956E-11-4.43001E-09-2.92405E-09
 -1       472-2.27270E-01 8.57196E-10-7.41885E-09-2.18831E-10 8.81518E-10 1.18784E-09
 -1       473-2.27271E-01 5.75640E-08 6.86637E-07-1.69653E-07-6.91594E-07 6.97273E-08
 -1       474-2.27270E-01 7.01325E-08 6.13299E-09 8.91453E-10-2.85837E-09 3.19541E-08
 -1       475-2.27270E-01-7.67150E-08 5.94293E-09-2.42556E-09-1.31019E-08-1.49995E-09
 -1       476-2.27266E-01 2.62851E-06-3.59174E-06 2.09662E-06 3.59408E-06-4.97637E-07
 -1       477-2.27271E-01 5.44488E-07 3.09951E-07-4.89248E-07-2.61083E-07-5.52418E-07
 -1       478-2.27272E-01-4.02947E-08-1.80027E-06-1.49361E-08-1.12263E-07-2.67693E-07
 -1       479-2.27297E-01-4.82426E-06-6.07466E-06 1.47406E-05-3.73904E-06 4.50966E-06
 -1       480-2.27256E-01 3.11315E-06 5.05474E-06 5.05759E-06-2.42563E-08 2.74516E-06
 -1       481-2.27255E-01 3.16122E-06 1.31223E-05 7.79481E-07-4.96536E-07 1.42844E-06
 -1       482-2.27163E-01 3.48793E-04 4.08197E-05-2.39044E-04 2.21010E-06 3.18491E-06
 -1       483-2.27316E-01-7.85209E-05-1.64471E-05 3.27271E-05-9.85409E-06 1.15168E-05
 -1       484-2.27336E-01-1.10331E-04-5.69664E-05 5.89118E-06-6.57448E-07-1.44049E-06
 -1       485-2.29894E-01-4.70097E-04 1.39161E-04-1.20499E-03-1.68075E-04-1.66707E-04
 -1       486-2.28541E-01 1.35185E-03-3.34285E-04-4.44432E-04 9.74647E-05 4.21787E-05
 -1       487-2.26985E-01 8.48645E-04-1.02509E-05-1.29298E-05 1.04248E-04-2.56818E-04
 -1       488-2.28481E-01 1.39514E-03 1.21010E-04 4.03463E-04 8.50997E-06-4.13715E-05
 -1       489-2.27173E-01 3.55377E-04 2.31360E-05 2.11829E-04 1.75583E-07-3.44706E-06
 -1       490-2.32123E-01-1.82616E-03 8.63762E-05-4.38546E-04-1.63436E-04 5.17475E-04
 -1       491-2.27998E-01 2.10568E-03 2.13136E-04 1.66058E-03 6.83296E-05-2.49508E-05
 -1       492-2.27314E-01-1.00573E-04-1.80587E-05-2.11563E-05 1.01570E-05 9.71041E-06
 -1       493-2.27258E-01-8.86132E-07 3.47878E-06-2.65266E-06 2.72695E-07 2.70219E-06
 -1       494-2.27297E-01-2.50846E-05-9.31990E-06-9.30456E-06 1.01196E-05 4.88060E-06
 -1       495-2.27271E-01-3.11986E-07 9.34183E-09 4.72547E-07 2.53848E-07-6.33023E-07
 -1       496-2.27267E-01-5.17206E-07-4.25246E-06-1.76067E-06-3.78965E-06-2.46039E-07
 -1       497-2.27270E-01-6.75668E-08-6.22484E-08-8.30103E-09-1.62545E-08 2.16814E-08
 -1       498-2.27271E-01-5.29529E-07 5.60424E-07 2.95460E-07 5.74910E-07 4.12436E-08
 -1       499-2.27270E-01-1.21305E-08-3.03733E-09-1.18152E-10 3.28940E-09-4.44803E-09
 -1       500-2.27270E-01 5.37899E-09-1.41108E-09-1.35295E-08-1.40538E-08 3.92348E-09
 -1       501-2.27270E-01-8.90268E-09-1.05064E-09 2.55642E-09-1.31179E-09-2.38484E-10
 -1       502-2.27270E-01 1.50321E-11 1.60184E-11 3.93218E-12 3.14776E-11 1.58003E-11
 -1       503-2.27270E-01-5.05510E-11-9.05585E-11 3.36908E-11 8.38385E-11 2.35421E-10
 -1       504-2.13313E-01 8.33022E-04 1.11972E-02-7.13748E-03 1.76053E-03-7.34719E-04
 -1       505-2.35012E-01-2.20840E-03-9.73378E-04 3.64051E-03-1.70778E-03-3.47171E-04
 -1       506-2.26553E-01-1.09729E-04 6.00159E-05 4.45581E-04 1.55065E-04-1.25091E-04
 -1       507-2.27511E-01-1.47418E-04-7.10133E-04 2.04618E-04 1.59031E-04 1.60766E-05
 -1       508-2.27223E-01 1.37061E-05-1.24381E-04 7.04968E-05 1.86186E-05-4.52380E-05
 -1       509-2.27268E-01 5.59953E-06 1.83331E-05-6.48353E-06 1.27095E-06-3.55728E-06
 -1       510-2.27276E-01-5.58057E-06-1.95976E-05-2.13027E-06-4.82013E-06-2.40185E-06
 -1       511-2.27237E-01 2.87630E-05 1.15510E-04-3.78406E-05-3.14141E-05-1.62048E-06
 -1       512-2.27272E-01-3.56890E-07-4.26621E-06 8.02941E-07 3.79225E-07-4.38197E-07
 -1       513-2.27270E-01 3.72986E-07 1.26911E-06 4.54400E-07 9.87247E-09 5.23156E-08
 -1       514-2.27270E-01 6.77540E-08 5.15636E-07-1.08383E-09-8.36077E-08-2.89440E-08
 -1       515-2.27270E-01-4.75291E-08-6.71013E-08-2.14530E-08 9.03261E-09 5.07347E-08
 -1       516-2.27270E-01-5.31754E-09-3.10284E-08-2.25467E-09 4.31975E-09-1.33296E-09
 -1       517-2.27270E-01-4.64301E-09-2.95165E-09 2.72337E-09-2.45184E-09 3.72505E-09
 -1       518-2.27270E-01-3.36276E-09-1.54828E-09-2.72365E-10-2.58438E-10-8.36138E-10
 -1       519-2.27270E-01-1.43577E-09 4.61621E-11 1.64852E-10-9.94798E-10 1.04742E-10
 -1       520-2.27270E-01-1.38352E-10 6.40403E-11-6.09626E-11-1.02483E-10-8.25110E-11
 -1       521-2.27270E-01-1.16293E-11-3.02108E-11 6.00928E-11 3.53251E-12 7.40630E-14
 -1       522-2.24687E-01-4.33126E-03 3.86601E-02 1.07203E-03-2.40739E-03 4.55758E-03
 -1       523-2.27270E-01 1.67942E-06-3.99921E-07-2.11362E-07-1.47343E-07-3.07677E-07
 -1       524-2.27271E-01-1.56885E-07 4.16603E-08 4.25152E-08-2.48363E-08 3.66001E-08
 -1       525-2.27279E-01-2.61438E-05-5.96622E-06-1.11090E-06-3.29130E-06-5.39718E-06
 -1       526-2.27270E-01 1.79189E-08 1.92777E-08-5.24540E-09-2.84960E-08 8.12416E-09
 -1       527-2.30357E-01 1.86286E-03-9.08645E-05-1.31135E-05-2.54613E-05 1.21694E-05
 -1       528-2.27270E-01-1.13672E-10-4.17935E-11 5.56171E-11 7.81519E-11 2.50017E-11
 -1       529-2.27269E-01-1.08808E-05 1.30856E-05-2.64548E-05-2.29096E-06-1.53028E-05
 -1       530-2.27270E-01 7.04767E-10-1.83889E-09-2.07847E-09-6.01425E-09-9.48242E-10
 -1       531-2.27270E-01-3.47429E-11-5.84933E-11 2.52916E-11 1.20451E-11 1.05165E-11
 -1       532-2.27270E-01 1.49773E-11-1.69184E-12 1.88351E-11 3.82166E-12-6.06045E-12
 -1       533-2.27270E-01-1.76307E-11 4.05695E-11 4.44897E-11 2.04168E-11 2.02040E-13
 -1       534-2.27270E-01 9.01647E-11 4.43832E-11 4.80467E-11 7.83440E-13-2.60865E-11
 -1       535-2.17101E-01-3.82027E-02-3.87719E-03 9.99371E-03-2.52880E-03-2.67272E-03
 -1       536-2.09568E-01-3.48727E-02 1.01545E-02-9.14033E-03-1.90620E-03 1.83265E-03
 -1       537-2.35555E-01-3.71945E-03 6.02092E-03-2.26925E-03-5.15225E-04 6.44698E-04
 -1       538-2.36656E-01-9.72558E-03 2.50751E-03 8.70300E-04 4.56825E-04 1.40402E-03
 -1       539-2.28843E-01 1.08294E-03 1.54526E-04 1.38724E-03-4.32206E-05 2.16580E-06
 -1       540-2.28639E-01 1.40195E-03 7.89535E-06 4.31823E-04-1.80934E-05 3.48751E-05
 -1       541-2.31575E-01-1.87144E-03 3.12055E-05-1.42795E-04 3.11009E-04-5.80278E-04
 -1       542-2.29249E-01 2.86850E-04 1.51873E-04-1.32247E-03 1.29129E-04 1.13508E-04
 -1       543-2.27198E-01 3.93834E-04 3.28377E-05 2.10757E-04-9.67759E-06 5.13366E-06
 -1       544-2.27307E-01-6.47861E-05-1.14403E-05-3.89181E-05-5.11834E-06-9.23938E-06
 -1       545-2.27100E-01 7.78764E-04-3.53468E-05-2.71159E-05-7.39094E-05 2.40017E-04
 -1       546-2.28611E-01 1.27405E-03-2.08241E-04-5.02855E-04-5.59887E-05-2.19295E-05
 -1       547-2.27182E-01 2.92161E-04 3.25052E-05-2.57703E-04 4.04731E-06 2.51895E-06
 -1       548-2.27286E-01-5.84623E-06-2.98708E-06-1.13137E-05-9.37647E-06-1.97637E-06
 -1       549-2.27255E-01 4.52853E-06 4.74568E-06-5.91033E-06-2.01236E-06-1.88063E-06
 -1       550-2.27321E-01-8.63012E-05-4.59551E-05-1.19161E-05-4.04783E-06 1.27760E-06
 -1       551-2.27267E-01 4.81645E-06 4.03012E-07-1.29030E-06 1.87095E-06-9.57892E-07
 -1       552-2.27271E-01 7.56443E-07 4.05447E-07 4.22770E-07 2.46615E-07 9.31334E-08
 -1       553-2.27261E-01-3.68651E-06 2.51801E-07-1.52764E-06-6.74745E-07 1.78010E-07
 -1       554-2.27271E-01-2.29599E-07-2.61196E-08 1.87266E-07-2.50350E-07 8.31383E-08
 -1       555-2.27270E-01 7.80063E-08 7.28144E-09-2.25028E-08 3.54310E-08-4.22937E-08
 -1       556-2.27271E-01 3.00296E-07-1.18579E-07-7.19531E-08-7.20190E-08-9.56887E-09
 -1       557-2.27270E-01 7.82305E-08-1.00128E-08-2.80737E-08 4.34144E-08-1.50706E-09
 -1       558-2.27270E-01 8.01379E-09 9.44747E-09-1.30046E-09-8.86987E-09 4.31883E-09
 -1       559-2.27270E-01 1.96114E-08 1.53005E-07 1.33650E-08 2.83210E-09 6.86901E-09
 -1       560-2.27270E-01 1.05455E-08 8.72030E-09-6.45090E-10-9.49623E-09 5.50788E-11
 -1       561-2.27270E-01 1.58848E-09 9.14543E-10 2.57135E-10 2.66794E-11-2.71014E-10
 -1       562-2.27270E-01 3.34859E-09-1.33318E-08-2.28529E-10-2.25023E-09 1.64525E-09
 -1       563-2.27270E-01 2.75704E-10-1.10257E-10-1.20855E-11-1.75291E-11 6.06912E-11
 -1       564-2.27270E-01-1.26999E-10 1.57446E-11 6.24265E-11 9.61346E-12 2.89564E-11
 -1       565-2.27270E-01-3.29083E-10-2.97320E-10-1.54965E-10-1.12512E-09-4.91177E-11
 -1       566-2.27270E-01-4.84541E-10 1.45825E-10-1.18324E-10 7.00943E-11 2.34804E-11
 -1       567-2.27270E-01-9.72595E-10-1.23815E-09-6.86257E-10-1.02573E-09-1.16500E-10
 -1       568-2.27270E-01 3.22282E-11 6.98520E-12 4.60270E-11-1.51815E-10 9.18621E-12
 -1       569-2.27270E-01 8.84777E-11-1.47229E-11 1.01604E-10-4.67978E-11-6.67956E-11
 -1       570-2.27270E-01-8.97490E-09 1.69368E-09-2.74813E-09 4.76109E-10-7.27838E-10
 -1       571-2.27270E-01-1.68887E-08-6.18605E-09 3.33172E-09 3.48375E-09 7.37051E-09
 -1       572-2.27270E-01-3.23166E-08-4.98500E-08 5.30250E-09-9.62854E-08-3.10915E-09
 -1       573-2.27271E-01-8.78478E-08-8.04540E-08 3.49481E-08-3.67911E-08-3.18241E-08
 -1       574-2.27271E-01-5.46907E-07-3.67491E-10-1.33946E-07 2.82555E-07 9.91667E-08
 -1       575-2.27272E-01-4.92836E-07-1.88275E-07-5.87406E-07-2.39417E-07 1.80201E-07
 -1       576-2.27268E-01 1.24266E-06 5.54286E-07 6.86358E-07-1.67855E-06-7.13055E-07
 -1       577-2.27259E-01-4.71779E-06 1.43899E-06 2.76414E-06 2.01602E-06-1.50691E-06
 -1       578-2.27285E-01-2.20603E-05-2.84175E-06 1.19607E-05 5.52767E-06-3.51397E-06
 -1       579-2.27331E-01-1.04007E-04-2.82023E-05 1.56093E-05 4.26540E-06-9.47133E-06
 -1       580-2.27270E-01 2.37232E-11 1.21424E-11-2.65717E-12 3.21474E-11-1.13196E-11
 -1       581-2.27270E-01-2.95832E-11-1.11949E-10 4.93401E-11 1.17494E-10-2.35874E-10
 -1       582-2.17771E-01-5.28461E-03 3.52016E-03 1.08648E-02 3.18788E-03-3.32521E-04
 -1       583-2.29874E-01 4.38816E-03 9.87712E-03-1.71452E-03-1.25240E-03-2.22383E-04
 -1       584-2.27270E-01-5.04951E-12 2.52854E-10-5.32770E-12 7.47736E-11 1.62095E-10
 -1       585-2.27270E-01-4.72714E-10 1.27614E-10 1.91093E-10-6.60253E-10-5.74488E-10
 -1       586-2.27270E-01 1.90620E-09-4.31703E-11-8.01447E-10-9.22348E-10 1.56907E-10
 -1       587-2.27270E-01 1.32636E-08 5.64369E-09-1.24522E-09-5.36298E-09-3.78749E-09
 -1       588-2.27270E-01-1.13702E-09-8.53921E-09 2.79640E-09-1.12818E-08 8.61038E-09
 -1       589-2.27270E-01-8.11402E-08-1.07635E-07 5.16553E-08-4.69470E-08 9.18532E-10
 -1       590-2.27270E-01 3.70171E-09 3.75596E-07-3.03754E-08 8.29615E-08 2.61381E-08
 -1       591-2.27270E-01 5.64193E-07 1.54536E-06-4.41120E-07 9.95733E-08-1.13457E-07
 -1       592-2.27272E-01 2.13201E-07-3.85312E-06-3.51946E-07-1.26330E-06 3.31147E-07
 -1       593-2.27275E-01-6.89794E-06-1.45819E-05 3.19221E-06 3.34619E-07-1.33666E-07
 -1       594-2.27264E-01-3.28729E-06 3.90495E-05 7.47072E-06-2.94212E-06 5.21310E-06
 -1       595-2.27216E-01 6.56545E-05 1.56636E-04 2.97065E-05-2.84356E-05 1.75742E-05
 -1       596-2.27182E-01-2.84557E-05-1.28259E-04-2.50526E-05-2.03378E-05-6.52279E-05
 -1       597-2.27221E-01-1.59410E-04-2.86846E-04-2.02586E-04-6.80034E-05-6.63281E-06
 -1       598-2.26383E-01-6.40935E-05 9.61349E-04-4.45218E-04 2.16024E-05 3.55764E-04
 -1       599-2.67358E-01-1.31684E-01-1.31684E-01-4.58358E-02-4.09147E-09-4.20610E-03
 -1       600-2.47476E-01-1.01175E-01-1.03173E-01-3.34555E-02 1.17901E-02 1.61231E-02
 -1       601-2.20866E-01-1.01592E-01-8.45415E-02-9.72726E-03-1.45545E-03 1.43426E-02
 -1       602-2.52328E-01-1.03327E-01-1.03448E-01-3.42742E-02-1.19615E-02-1.65349E-02
 -1       603-2.21641E-01-1.01849E-01-8.48501E-02-1.00804E-02 1.58466E-03-1.42970E-02
 -1       604-2.57260E-01-1.04116E-01-1.13032E-01 3.47055E-02-1.27325E-02 1.95036E-02
 -1       605-2.73210E-01-1.34567E-01-1.34567E-01 4.92387E-02 3.07516E-09-5.46360E-03
 -1       606-2.21151E-01-1.08925E-01-1.08926E-01 6.99050E-03-8.44688E-09 1.80809E-02
 -1       607-2.54231E-01-1.02519E-01-1.13105E-01 3.44064E-02 1.27609E-02-1.92541E-02
 -1       608-2.20651E-01-1.08679E-01-1.08679E-01 6.69248E-03 8.04913E-09-1.78060E-02
 -1       609-2.27270E-01-3.65481E-10 5.92096E-10-5.83478E-11-5.17556E-11-3.49899E-11
 -1       610-2.27270E-01-1.24077E-11 7.21127E-12-9.40813E-12 1.18161E-10 1.68566E-10
 -1       611-2.27270E-01-3.25383E-11 7.99500E-11-3.73443E-12 6.50407E-11 9.47654E-11
 -1       612-2.25744E-01 6.13638E-04 1.13830E-03-8.90605E-04-7.63122E-05 6.19967E-04
 -1       613-2.25924E-01 9.63718E-05 5.48640E-04 2.44613E-04 1.13342E-04-2.56084E-04
 -1       614-2.29131E-01 4.63905E-03 8.54799E-04-2.16216E-03-3.01431E-04-1.63359E-03
 -1       615-2.22770E-01-1.74528E-02-1.39318E-02 8.09561E-03-1.43099E-03-9.68602E-04
 -1       616-2.30371E-01 3.14319E-03 1.55487E-03-2.31834E-03 2.50659E-04 6.69750E-04
 -1       617-2.31161E-01 1.31830E-03 1.26913E-02-5.37072E-03-2.61521E-03 1.59020E-03
 -1       618-2.17608E-01-1.60708E-02-2.53971E-02 1.11297E-02-2.46151E-03 8.31408E-04
 -1       619-2.26560E-01 2.28092E-05-2.51059E-03 1.96400E-04-4.41096E-05 1.54311E-04
 -1       620-2.26933E-01 5.41170E-05 1.47016E-04-4.38812E-04-8.71162E-05 9.29049E-05
 -1       621-2.27270E-01-1.17176E-11 4.12829E-10-2.37839E-10-9.73272E-11 1.24592E-10
 -1       622-2.27270E-01 2.47868E-10-2.90568E-12-3.75586E-11 1.77069E-11-2.40579E-10
 -1       623-2.27270E-01 2.35924E-09-3.98233E-09-4.91714E-10-2.88511E-11-4.69506E-10
 -1       624-2.27270E-01-4.38960E-10 4.26020E-10 3.10482E-10 5.83196E-10-1.27618E-09
 -1       625-2.27270E-01-2.35920E-11-5.49032E-11-4.02941E-10 1.28149E-10-3.21211E-10
 -1       626-2.27237E-01 6.93325E-05-6.50567E-05 5.96623E-05-3.03472E-07 9.77984E-06
 -1       627-2.27285E-01 9.93433E-06-2.39195E-05 5.65245E-05-2.50762E-05 4.49810E-05
 -1       628-2.27150E-01 1.09672E-04 9.70051E-05 3.14416E-04 4.08315E-05 7.11982E-05
 -1       629-2.27282E-01-5.35335E-06 2.35093E-07-7.60663E-06 7.36855E-06-3.24444E-07
 -1       630-2.27271E-01 5.16858E-06-7.78400E-06-4.56495E-06-1.61603E-06 2.46946E-06
 -1       631-2.27269E-01-6.72718E-07-2.56028E-07-1.26348E-06 1.31334E-06-7.33962E-07
 -1       632-2.25505E-01 2.20727E-04 3.84088E-04 8.29445E-04-1.27814E-04 8.29045E-04
 -1       633-2.24994E-01 9.63708E-04 2.72682E-03 2.85241E-03-3.56087E-05 5.74111E-04
 -1       634-2.25124E-01 2.02028E-04-3.16207E-04-7.00111E-05-3.28399E-04-1.48092E-04
 -1       635-2.27270E-01 1.49166E-10 3.33278E-10 3.02919E-11-1.09036E-11 3.12425E-11
 -1       636-2.27270E-01-3.55999E-10 8.61721E-11 1.36710E-11-6.86433E-11 3.08630E-10
 -1       637-2.25897E-01 2.12954E-04-5.03725E-04 1.18584E-03-5.26122E-05-2.00949E-04
 -1       638-2.26348E-01 3.40184E-05-1.66360E-04 3.98489E-05-5.17453E-05-3.16994E-04
 -1       639-2.27189E-01 1.94891E-04 2.50758E-05 3.42848E-04 9.79719E-06-1.03626E-04
 -1       640-2.27270E-01-7.85390E-11-1.83162E-10 6.60364E-12-4.60802E-11 8.37793E-12
 -1       641-2.27270E-01-4.70533E-11-3.81661E-10 8.89294E-11-5.28560E-11 1.87156E-10
 -1       642-2.27270E-01-2.20834E-10 2.15621E-10 4.14615E-10 1.44971E-10-3.05732E-10
 -1       643-2.27271E-01 5.16000E-07 1.22987E-07-1.00432E-07 3.12975E-07 4.53272E-07
 -1       644-2.27271E-01-7.16948E-07-5.84190E-08-7.01649E-07 1.52224E-07-4.99915E-09
 -1       645-2.27271E-01 4.83199E-07 2.47973E-08-2.49300E-07 2.88748E-07 4.92664E-08
 -1       646-2.27270E-01-1.47908E-08-3.42926E-08-3.15991E-09 3.64218E-09-2.48427E-09
 -1       647-2.27270E-01-3.37942E-09-1.55779E-08-4.86107E-09 1.08279E-08-6.07377E-10
 -1       648-2.27270E-01-5.47763E-08 7.52766E-09-1.14511E-08 3.02660E-08 1.58514E-08
 -1       649-2.27270E-01-2.07880E-10 1.74702E-09 1.37118E-09 4.79920E-09 5.38908E-09
 -1       650-2.27270E-01-3.51700E-08 3.56535E-08 9.66575E-09 6.76539E-09 3.13076E-08
 -1       651-2.27270E-01-1.13375E-08 1.16407E-08-1.56297E-09 2.28122E-09-8.69268E-10
 -1       652-2.27270E-01 1.05734E-06 1.88294E-06 3.44835E-07 7.12842E-07-1.87784E-07
 -1       653-2.27270E-01-7.07094E-07 1.45453E-06 6.70517E-07-2.50718E-07 1.86327E-07
 -1       654-2.27271E-01 5.28246E-07 1.92204E-08 1.82514E-07 3.22364E-07-6.94443E-08
 -1       655-2.27278E-01-4.51353E-06 2.58512E-06 5.05717E-06-4.03081E-06-1.77363E-06
 -1       656-2.27272E-01 4.05330E-06-2.63257E-06 4.46581E-06-1.70017E-06 6.49250E-07
 -1       657-2.27270E-01-1.10767E-06 8.39566E-07 8.62685E-07-8.93526E-07-2.62499E-07
 -1       658-2.27270E-01 3.26248E-09 6.14000E-11 6.39133E-10 1.05941E-09 3.50243E-10
 -1       659-2.27270E-01-5.69487E-10 1.72543E-10-2.45622E-10 6.75668E-10 1.06442E-09
 -1       660-2.27270E-01-2.00101E-10-1.81852E-10 3.22002E-10 5.53169E-11 1.76938E-10
 -1       661-2.27190E-01 5.73023E-05-2.40563E-05-6.55410E-05-9.88203E-06-1.51409E-05
 -1       662-2.27102E-01 6.59429E-05 5.94716E-05-1.14523E-04-4.05541E-08-5.45250E-05
 -1       663-2.26857E-01 1.07195E-04 1.99998E-05-4.57228E-04 7.03781E-05-1.93933E-04
 -1       664-2.27271E-01-1.11384E-06-3.35577E-06 8.65090E-09 2.62308E-07-1.12425E-07
 -1       665-2.27271E-01-5.41748E-07-4.88238E-07 3.80604E-07 3.38384E-07-4.58939E-07
 -1       666-2.27271E-01 6.41758E-08-1.98978E-07-3.02484E-08-2.14788E-08-8.20001E-08
 -1       667-2.27270E-01 7.44023E-08 6.11245E-08 9.56508E-08 3.63558E-08-5.38398E-08
 -1       668-2.27271E-01-4.13310E-08 1.70954E-08-6.88707E-09-9.16355E-09-2.01385E-08
 -1       669-2.27270E-01-1.03773E-09 1.29641E-09-4.35298E-10 6.82756E-10 5.72115E-10
 -1       670-2.27270E-01 2.15311E-10-4.23874E-10-6.94683E-12 2.72092E-10 1.01161E-09
 -1       671-2.27276E-01 4.74022E-05-5.00490E-05-6.52136E-05 9.24755E-06 1.51773E-05
 -1       672-2.27266E-01-2.62472E-05 1.07080E-04-4.87068E-05 1.45400E-05 3.94450E-05
 -1       673-2.27311E-01-4.33074E-05 3.31926E-05-6.29202E-05 3.83061E-06 2.13334E-05
 -1       674-2.27276E-01 1.95920E-06 1.07002E-06-7.32931E-06-1.32114E-05 7.23171E-06
 -1       675-2.27245E-01-3.04073E-05 2.67073E-05-4.72635E-05-2.88052E-06-5.27329E-06
 -1       676-2.27273E-01-3.01221E-06-8.44834E-06 7.90859E-07-3.36188E-06-2.16662E-07
 -1       677-2.27265E-01 2.26291E-06-2.73887E-06 1.53364E-06 1.96283E-06-2.14614E-07
 -1       678-2.27270E-01-1.33463E-06-6.10809E-07-1.28886E-06-2.14444E-06 1.06006E-06
 -1       679-2.27306E-01-2.16877E-05-9.25145E-06-4.78336E-05-6.76534E-06-6.47965E-06
 -1       680-2.27293E-01-9.57837E-06 1.03716E-04-2.49864E-06-3.45149E-08 1.19316E-05
 -1       681-2.27270E-01-2.05790E-09 5.80392E-10-9.19586E-10 1.04763E-09 5.51943E-10
 -1       682-2.27270E-01 2.39347E-09-2.61239E-09-9.79546E-10 2.25592E-09-7.15567E-10
 -1       683-2.27270E-01 6.29648E-11-2.72407E-12-1.72415E-11 7.02445E-11-1.20247E-10
 -1       684-2.27270E-01 7.67606E-11-3.64192E-11 3.95944E-11 7.71195E-11-1.51076E-10
 -1       685-2.27270E-01 3.25159E-11-1.17531E-11 1.85739E-11 1.28027E-10-9.58917E-11
 -1       686-2.27270E-01-1.27895E-10-5.62416E-11 2.09530E-11 1.01297E-10-1.19710E-10
 -1       687-2.26467E-01-6.19826E-05-8.28397E-04-1.00676E-04 1.54961E-04 3.28744E-04
 -1       688-2.24592E-01 1.13223E-03 2.11379E-03 3.43894E-03 4.06765E-04-8.66159E-05
 -1       689-2.25137E-01 5.21554E-04 1.21011E-04 2.07869E-04 1.13904E-04-6.39313E-04
 -1       690-2.27310E-01-2.48366E-05 4.66165E-07 5.06917E-05-1.25654E-05 1.29497E-05
 -1       691-2.27339E-01-2.21052E-05 1.66194E-05-2.78779E-06-3.70366E-06 7.94256E-06
 -1       692-2.27271E-01-2.06747E-06-1.30714E-06 1.19336E-07-8.59607E-07 2.48364E-08
 -1       693-2.27270E-01 2.53986E-09 1.48744E-09 1.35620E-09 2.61020E-09 2.07903E-09
 -1       694-2.27270E-01-5.28172E-09 6.56532E-09 4.38957E-09-3.31896E-09 9.90043E-10
 -1       695-2.27270E-01-3.67431E-09 3.90740E-09 3.22548E-09 2.59391E-09 4.38253E-09
 -1       696-2.27270E-01 1.03847E-09-2.74388E-09-2.47021E-09 2.27177E-09 3.12940E-09
 -1       697-2.27278E-01-1.88328E-06 7.97282E-06 8.80907E-06-1.31581E-06 5.91923E-06
 -1       698-2.27270E-01 2.67106E-08 1.77337E-07-6.81126E-08 1.17403E-07 4.35218E-09
 -1       699-2.27270E-01-6.94642E-07 1.27009E-06 6.50155E-07-4.91290E-08 1.67176E-07
 -1       700-2.27270E-01 4.97202E-07-1.12408E-07 8.43026E-08-1.58400E-07 1.25857E-07
 -1       701-2.27326E-01-1.52510E-05 6.47731E-06 6.35649E-05 2.24604E-06-7.36024E-06
 -1       702-2.27323E-01-6.93785E-06 3.72066E-05 7.36909E-06-8.98781E-06 1.21193E-05
 -1       703-2.27270E-01 7.64072E-10-4.77926E-10-6.39625E-11 1.41896E-09-1.38680E-10
 -1       704-2.27270E-01-2.98624E-11-3.61364E-11-1.24306E-12 1.86363E-11 2.13710E-12
 -1       705-2.27270E-01-4.82494E-11-6.13997E-11 2.35376E-12 4.61208E-11-8.94734E-12
 -1       706-2.27270E-01 2.22873E-11-3.84390E-12 1.23777E-12 1.32211E-11 3.54590E-12
 -1       707-2.27270E-01 5.66372E-11 6.26620E-11-2.04610E-11 4.71521E-11-1.72382E-11
 -1       708-2.29908E-01-8.89367E-03-8.22474E-03-1.00189E-02-4.17963E-03-1.77164E-03
 -1       709-2.24257E-01 9.55515E-03 1.32904E-02 5.15791E-03 5.51486E-03 1.21337E-03
 -1       710-2.27270E-01 4.29658E-09 2.21455E-09-6.77456E-09-1.12780E-09-1.95802E-09
 -1       711-2.27270E-01-2.60640E-09-2.09354E-09-1.56713E-10 1.88340E-11-1.61477E-09
 -1       712-2.27267E-01 3.43635E-06 1.06758E-05 8.47442E-06 9.33100E-06 8.62659E-06
 -1       713-2.27245E-01-3.57762E-05 2.16001E-05 2.50276E-05-5.45991E-07 5.79004E-07
 -1       714-2.27271E-01-1.38122E-07 1.87344E-08-7.84357E-09 2.43495E-07 1.04584E-07
 -1       715-2.27271E-01-2.58156E-07 1.23498E-06 2.27348E-07-1.39471E-07 4.33488E-08
 -1       716-2.27270E-01 2.88764E-09 1.38482E-09-3.46991E-10-8.68096E-10-1.19000E-09
 -1       717-2.27270E-01-1.11037E-08 6.96108E-09 4.12578E-09-2.08648E-10-1.00491E-09
 -1       718-2.27265E-01 3.55475E-06-4.45076E-06-1.19178E-08-2.12523E-06 6.67561E-07
 -1       719-2.27269E-01-1.29442E-06-6.43399E-07 1.03692E-06 1.92373E-06-6.09950E-08
 -1       720-2.27269E-01-7.70988E-07-4.20417E-07 1.09619E-06 1.33029E-06 1.63659E-06
 -1       721-2.27280E-01 9.86737E-06 3.52671E-06 8.26099E-06-1.47126E-05-9.92923E-06
 -1       722-2.27235E-01-1.84102E-05 4.61172E-05 5.07648E-05-1.24221E-05 4.39380E-06
 -1       723-2.27270E-01 1.16099E-08-3.46440E-08-9.47461E-09-4.07354E-08-9.72296E-10
 -1       724-2.27271E-01 4.41154E-08-1.32059E-07-1.78883E-08 2.42238E-10-2.46117E-08
 -1       725-2.27266E-01-1.30412E-06-6.83370E-06-7.04426E-07 2.22895E-06-1.08677E-06
 -1       726-2.27271E-01-6.49136E-07-1.08327E-06 9.10551E-07-2.26266E-06-2.12044E-07
 -1       727-2.27270E-01 3.81095E-08-7.16169E-08 6.33531E-08-1.91760E-08 1.85398E-09
 -1       728-2.27270E-01 9.22162E-09 7.18905E-09 4.84079E-09 1.49540E-08-1.91769E-08
 -1       729-2.27271E-01-2.96514E-08 9.32753E-08 1.66345E-08 1.64460E-07-1.66789E-07
 -1       730-2.27271E-01-7.06600E-07 6.23741E-07-2.22866E-07-7.60803E-08-3.38814E-08
 -1       731-2.27270E-01-6.57250E-07 6.19944E-07-1.28623E-07 1.28765E-07 8.38964E-08
 -1       732-2.27270E-01-1.28261E-08 5.75181E-08-1.14251E-07-1.55848E-07-1.08915E-07
 -1       733-2.27270E-01 2.90700E-07-7.52637E-08-1.41933E-07-8.63717E-08-1.57302E-07
 -1       734-2.27270E-01-6.21500E-08 1.30801E-06 1.73063E-07 4.13707E-08-1.69395E-07
 -1       735-2.27270E-01-4.08879E-08 1.31021E-07 1.45789E-07-3.99755E-07 4.17169E-08
 -1       736-2.27270E-01 2.92377E-09-1.65557E-09 1.77177E-09 1.19912E-09-2.16398E-09
 -1       737-2.27270E-01-5.49864E-09-6.98678E-09-8.23038E-09-1.35344E-09-1.39274E-09
 -1       738-2.27270E-01 4.45147E-09-2.95670E-10-3.41923E-11-1.01924E-09 4.51356E-10
 -1       739-2.27270E-01-4.74075E-09-6.24735E-11 6.49521E-10 8.19532E-10 1.46892E-09
 -1       740-2.27270E-01-5.45669E-10 1.28727E-08 1.03292E-08-2.09642E-10 3.69242E-09
 -1       741-2.27270E-01-3.31160E-08 3.05142E-08 1.14112E-08 2.23869E-08 3.79876E-09
 -1       742-2.27270E-01 7.72599E-09-1.30553E-07-6.71473E-08-1.07938E-08 1.71412E-08
 -1       743-2.27270E-01 2.68264E-08-2.22478E-08-4.79059E-09 1.43599E-08 9.34068E-09
 -1       744-2.27270E-01 4.78069E-06 8.40620E-06-5.30171E-06 8.23636E-06-8.44752E-06
 -1       745-2.27227E-01-3.89081E-05 3.52362E-05-3.15885E-05 1.46173E-06 5.82868E-06
 -1       746-2.27271E-01-6.53006E-07-2.91784E-06-5.92542E-07 1.61961E-06-4.51116E-07
 -1       747-2.27264E-01 2.98062E-06-4.78666E-06-3.39879E-08-1.13319E-06-1.38876E-06
 -1       748-2.27270E-01 8.92279E-08-1.68134E-08 3.93305E-08 8.66919E-09-2.06372E-09
 -1       749-2.27270E-01-1.38829E-08 6.76184E-09 1.89403E-09-1.71237E-08-1.20286E-08
 -1       750-2.17315E-01-1.11479E-02-2.28862E-02-1.15875E-02 5.93749E-03 3.12231E-03
 -1       751-2.27270E-01-1.63127E-11 1.89836E-11 6.05240E-13 9.53861E-12 7.86992E-12
 -1       752-2.27270E-01-5.02968E-10 4.90811E-10-9.28505E-11-2.34270E-10 2.13603E-11
 -1       753-2.27270E-01 1.17310E-09 1.36408E-09-1.26888E-09 4.07239E-11-1.74612E-10
 -1       754-2.28702E-01 1.09150E-03-1.80722E-04-5.66031E-04-8.82829E-05 1.75356E-05
 -1       755-2.27053E-01 2.09625E-04-4.05124E-05-2.42355E-04-5.83980E-05 1.25957E-05
 -1       756-2.27270E-01-6.95563E-10-1.30707E-09 1.21964E-09 2.19128E-10-4.18879E-10
 -1       757-2.27270E-01 4.85641E-10-4.77959E-10 1.67025E-10-1.57136E-10 7.18437E-11
 -1       758-2.28703E-01 1.18943E-03-2.24872E-04-4.85325E-04 1.11154E-04-1.73992E-06
 -1       759-2.27096E-01 1.99928E-04-7.17658E-05-2.06940E-04 5.86988E-05-1.09165E-05
 -1       760-2.27270E-01 5.39383E-10 1.61422E-09 1.28046E-09 6.40632E-11-6.49633E-11
 -1       761-2.27270E-01-3.47419E-10 3.90772E-10 1.59053E-11-1.68257E-10 1.18537E-10
 -1       762-2.28776E-01 1.03850E-03-6.24924E-05 6.09792E-04-1.06514E-04-3.89902E-05
 -1       763-2.27065E-01 2.51616E-04-6.46831E-05 1.76797E-04-3.08191E-05-1.14232E-05
 -1       764-2.28744E-01 1.08054E-03 5.90131E-05 5.42438E-04-1.92847E-05 4.32171E-05
 -1       765-2.27083E-01 3.21583E-04 1.46627E-05 1.69948E-04 3.58072E-05-5.20094E-06
 -1       766-2.27270E-01 3.40133E-10-2.58753E-10-9.64890E-11-1.22391E-10 7.84113E-11
 -1       767-2.27270E-01-3.46997E-11-1.38564E-09-1.42862E-09 2.38166E-10 2.80949E-10
 -1       768-2.27270E-01-2.98265E-12-1.09926E-11 8.09462E-11 6.38585E-12-5.51487E-12
 -1       769-2.27270E-01 9.92704E-12 3.37211E-11 2.87215E-11-2.17197E-11 2.14179E-11
 -1       770-2.27270E-01 2.69298E-11-4.29740E-11 5.07389E-11-3.05502E-12-4.61002E-12
 -1       771-2.32120E-01-7.57909E-03-5.28070E-03-1.51078E-03-1.28844E-03-1.48401E-03
 -1       772-2.33101E-01-5.53637E-03 7.97526E-03-3.03895E-03 4.67003E-04-1.71932E-03
 -1       773-2.36702E-01 1.33458E-03 1.78512E-03 4.58043E-04-4.24273E-03-3.04155E-03
 -1       774-2.27270E-01-2.55446E-11-4.58459E-11-3.08040E-11-2.15332E-11 3.85398E-11
 -1       775-2.27270E-01 8.35990E-12 3.62830E-11-7.94566E-11 7.66634E-12-1.49871E-12
 -1       776-2.27270E-01-4.37675E-11 2.65617E-11-4.26990E-11-2.32825E-13 6.95449E-12
 -1       777-2.34009E-01 1.19886E-03 2.13938E-03 1.43080E-03 4.34407E-03 3.48930E-03
 -1       778-2.33225E-01-5.35095E-03 7.91263E-03-2.64800E-03-3.96944E-04 1.59957E-03
 -1       779-2.32364E-01-6.93593E-03-5.23834E-03-8.60153E-04 1.44136E-03 1.21868E-03
 -1       780-2.27270E-01 1.08694E-11 5.09576E-12-2.86097E-11 1.86179E-12 3.72288E-12
 -1       781-2.27270E-01 1.58697E-11 1.99581E-11-1.67707E-11 5.25351E-13 9.93520E-12
 -1       782-2.27270E-01-1.18563E-11-1.93763E-11 1.70638E-11-2.85425E-12 8.00951E-12
 -1       783-2.27270E-01-1.07471E-11-2.01083E-11 2.94638E-11 1.91128E-12 4.15835E-12
 -1       784-2.27406E-01-4.09970E-02-4.06545E-03 1.78831E-02-2.44795E-03 3.44582E-03
 -1       785-2.18170E-01-4.53096E-02-5.23446E-03-1.89252E-05 6.94911E-04 8.06844E-03
 -1       786-2.25790E-01-4.05073E-02-3.73014E-03 1.77702E-02 2.53994E-03-3.29242E-03
 -1       787-2.18221E-01-4.53763E-02-5.26131E-03-1.82789E-04-6.54413E-04-8.19631E-03
 -1       788-2.27270E-01 1.02741E-11 1.11531E-11 3.54445E-12 2.59415E-11 5.45509E-12
 -1       789-2.27270E-01 3.61593E-11 5.30897E-11 8.26690E-12 4.79059E-11 1.10955E-11
 -1       790-2.27270E-01-2.29365E-11-1.54285E-11 3.54346E-13 8.77925E-12-9.21843E-12
 -1       791-2.12710E-01-9.90763E-03-2.19944E-02 9.49990E-03 2.80224E-03 1.51765E-04
 -1       792-2.27270E-01-7.35161E-11-6.64203E-11-4.41871E-12 8.03285E-11 3.08204E-11
 -1       793-2.25039E-01 6.69418E-04 1.48486E-03 1.09263E-04-1.42577E-04 2.32323E-04
 -1       794-2.27270E-01-1.56554E-11-1.27711E-10-3.34610E-11 1.50808E-10 1.41695E-10
 -1       795-2.23185E-01 2.00470E-02 2.64262E-02 8.48203E-03-7.98111E-03-2.47864E-03
 -1       796-2.17979E-01-1.51921E-02-3.56701E-02-9.33043E-03 1.24931E-04 2.57435E-03
 -1       797-2.27270E-01-2.39964E-08-4.96073E-09 9.48545E-09-4.62746E-09 3.14023E-09
 -1       798-2.27270E-01 4.54509E-09-2.56091E-08 3.52213E-09 1.09962E-08 4.75225E-09
 -1       799-2.27270E-01 5.10283E-09 7.31174E-09-7.57283E-09 8.27283E-09-5.42532E-09
 -1       800-2.27200E-01 6.61925E-05 4.53876E-05 8.49542E-05 1.56228E-05-5.67152E-05
 -1       801-2.27270E-01 4.34479E-10 5.41760E-11 1.58278E-10 5.97464E-10-1.09550E-09
 -1       802-2.27270E-01-4.41068E-09-7.74278E-11-3.37555E-09 4.82965E-09-3.54606E-09
 -1       803-2.27270E-01 6.74397E-09-4.24261E-08-1.25256E-08-7.88785E-08-4.85759E-08
 -1       804-2.27270E-01 1.58342E-08-2.25260E-07-5.67935E-08 3.38776E-08 2.28114E-08
 -1       805-2.27270E-01 1.20259E-07-7.47234E-08-5.58352E-08 5.11481E-09 4.00573E-08
 -1       806-2.27270E-01 2.34244E-08 3.80785E-08 7.85192E-09 6.76679E-08-2.71588E-08
 -1       807-2.27270E-01-3.33724E-07 5.74746E-07-6.53394E-07 2.86914E-07-1.54125E-07
 -1       808-2.27270E-01-3.97010E-08 4.91628E-08 9.60589E-09-4.55368E-08-5.35977E-08
 -1       809-2.27270E-01 3.97856E-08-1.37848E-07 8.57418E-08 1.30542E-08-3.05916E-09
 -1       810-2.27270E-01 6.03863E-06-3.23944E-06 5.16481E-06-4.67124E-06-3.56665E-06
 -1       811-2.29419E-01 7.42577E-04 1.26787E-03-1.01265E-03-2.70408E-04 2.01235E-04
 -1       812-2.27270E-01-1.23454E-10-4.64415E-10 3.04863E-10 1.34579E-10 7.33930E-11
 -1       813-2.27270E-01 1.81955E-11-4.45644E-11-1.51210E-11 6.12975E-11 8.88240E-11
 -1       814-2.27270E-01 6.63950E-11 4.12755E-10-3.24532E-10 9.29160E-11 4.12402E-11
 -1       815-2.29031E-01 1.25109E-03 1.41075E-03-1.17955E-03 3.10884E-04-4.38031E-04
 -1       816-2.29062E-01 1.44927E-03 3.17227E-04 1.32613E-03-5.36936E-04-2.41203E-04
 -1       817-2.28399E-01 2.14418E-03 3.57918E-04 1.60026E-03 6.97676E-04 6.89756E-04
 -1       818-2.27270E-01-1.26826E-10-4.36665E-11-2.37180E-10 4.55363E-11-5.94463E-11
 -1       819-2.27270E-01 3.56860E-11-1.28368E-11 2.45170E-10 2.27488E-11-4.05732E-11
 -1       820-2.27270E-01-5.66625E-11 2.37720E-11 4.34894E-11-6.43510E-12-4.41760E-12
 -1       821-2.27270E-01 4.90419E-11-3.64731E-11-4.70274E-11-3.68477E-12-1.21846E-11
 -1       822-2.22993E-01 3.42510E-03 2.30233E-02 3.69457E-04 3.77974E-03-7.62827E-03
 -1       823-2.24990E-01 3.02742E-03 2.28781E-02 8.72654E-04-3.53476E-03 7.75714E-03
 -1       824-2.27270E-01 2.59051E-11-1.97021E-12 3.95399E-11 7.76216E-12 1.10426E-12
 -1       825-2.12548E-01-2.46574E-02 7.98254E-03-9.67474E-03 2.01587E-03-3.03789E-03
 -1       826-2.27270E-01-1.77957E-11 2.25587E-11-3.79459E-11 4.36583E-12 2.57461E-12
 -1       827-2.14101E-01-2.38666E-02 8.06312E-03-9.26014E-03-1.92410E-03 2.93257E-03
 -1       828-2.27270E-01-8.55380E-11-7.35170E-11 2.87683E-10 1.09522E-10 4.42719E-11
 -1       829-2.30409E-01 1.91931E-03-2.09509E-04 2.06376E-04 7.25133E-05 6.73184E-05
 -1       830-2.27270E-01-4.01449E-11 4.58916E-11-2.88836E-10 1.10661E-10 3.54491E-12
 -1       831-2.30511E-01 1.81523E-03-1.60617E-04 2.01427E-05-2.57749E-05-6.44259E-05
 -1       832-2.27241E-01-1.97900E-05 5.94918E-07-7.67926E-06-3.52122E-06-1.02003E-06
 -1       833-2.27234E-01-7.97106E-06 3.11000E-05-2.88879E-05-1.42181E-06-1.77152E-05
 -1       834-2.27267E-01-8.55805E-06 9.79722E-06-6.97795E-07-2.92964E-07 3.75657E-06
 -1       835-2.27270E-01-3.23566E-06 2.45736E-06 1.99841E-07-1.73168E-07-8.32058E-07
 -1       836-2.27271E-01-4.53624E-06 1.02090E-05 9.94863E-07-9.94331E-08-4.48270E-06
 -1       837-2.27270E-01 1.32634E-07-1.50165E-06-4.15701E-07-8.67993E-08 5.25392E-07
 -1       838-2.27233E-01-2.33209E-05 6.11360E-06 7.39824E-06-1.81890E-06-1.51472E-07
 -1       839-2.27227E-01-2.95658E-05 4.28298E-05 5.00467E-06-7.33752E-06 2.05380E-05
 -1       840-2.27270E-01 4.63991E-08 2.01620E-08 4.42831E-08-6.68219E-09 4.79676E-09
 -1       841-2.27270E-01 3.41442E-08 7.10241E-08 1.07730E-07-3.36462E-08 4.26870E-08
 -1       842-2.27270E-01-3.10552E-09-1.03489E-08 5.98552E-09-7.06275E-09-4.90539E-09
 -1       843-2.27270E-01-4.58130E-08 8.16889E-08-1.94647E-08-1.35514E-08 1.08222E-08
 -1       844-2.27270E-01 3.30150E-09-3.15494E-09-1.08673E-08-5.38547E-09 1.30554E-09
 -1       845-2.27272E-01 1.00469E-07-7.69550E-07 1.77392E-07-2.00722E-07-4.76537E-07
 -1       846-2.27265E-01-5.42500E-06 4.03554E-06-8.16066E-07-6.97955E-07-5.76995E-07
 -1       847-2.27270E-01-1.72080E-12 1.32643E-07-4.51073E-08-3.25454E-08-3.87476E-08
 -1       848-2.27270E-01 1.60802E-08-3.84382E-07-1.58845E-07-6.43686E-08 1.15026E-07
 -1       849-2.27271E-01 3.72509E-07-6.39161E-07 5.11393E-08-3.80197E-08 1.90434E-08
 -1       850-2.27270E-01-3.69531E-09-3.58990E-09 5.14441E-09 7.25984E-10-8.22558E-10
 -1       851-2.27270E-01-3.10776E-09-1.75598E-09-5.84969E-09-5.64467E-10 7.52554E-10
 -1       852-2.27270E-01 1.22258E-09 3.21375E-10-3.35454E-10-1.45259E-09-1.92123E-10
 -1       853-2.27270E-01 2.55726E-10 8.64392E-11 9.77894E-11-1.54538E-09-1.18460E-10
 -1       854-2.27270E-01 1.33207E-11-4.42556E-11-5.17574E-13 1.05693E-10 1.54992E-10
 -1       855-2.27270E-01 7.88321E-09-7.83039E-09-4.79087E-09 2.97975E-08 4.39674E-08
 -1       856-2.27270E-01 4.60441E-09 6.37130E-10 4.87973E-10 2.14360E-09 2.21039E-09
 -1       857-2.27271E-01 4.10439E-07 6.33040E-09 1.89118E-07 4.38563E-08-8.15345E-08
 -1       858-2.27270E-01 4.78593E-07 2.66857E-07-2.00912E-07 6.67721E-08 4.44742E-08
 -1       859-2.27271E-01-2.06235E-06-1.55948E-06 2.70751E-07-6.49403E-07 1.15200E-06
 -1       860-2.27298E-01-1.61204E-06 3.08746E-06 3.12555E-05 8.99738E-06 1.13768E-05
 -1       861-2.27270E-01 2.13156E-08-2.83834E-08-3.04696E-10 9.98813E-09-2.72828E-08
 -1       862-2.27281E-01 7.54295E-05-9.54926E-07 2.12001E-04-4.57534E-05 9.14249E-05
 -1       863-2.27298E-01 2.89944E-06 9.26960E-06-3.51183E-05 4.55380E-06-4.58743E-06
 -1       864-2.27280E-01 2.64998E-06-6.87900E-06-5.04888E-06 3.05893E-07-1.75793E-06
 -1       865-2.27270E-01 9.77868E-10 3.27047E-10-2.40829E-10 2.87694E-10-6.29389E-10
 -1       866-2.24433E-01-7.72277E-04-2.18603E-04 1.39488E-03-9.58814E-04-2.41311E-04
 -1       867-2.27270E-01-4.49863E-11 3.34095E-11 1.38971E-11 9.62991E-11-1.78823E-10
 -1       868-2.27270E-01-6.17958E-09 6.97523E-10 5.88989E-10 1.85903E-09-2.56908E-09
 -1       869-2.27272E-01-2.41449E-06-4.38338E-06 2.24491E-07-3.66133E-07 4.69477E-07
 -1       870-2.30391E-01 3.55522E-03 4.04807E-03-3.86794E-03-7.93078E-04 8.89535E-04
 -1       871-2.26991E-01-6.37769E-06-3.83826E-05-2.19556E-04 3.72427E-06 7.75874E-05
 -1       872-2.27270E-01 8.63447E-10 4.46841E-10 2.78178E-10 1.35521E-11 1.98648E-10
 -1       873-2.27270E-01 1.68934E-07 1.88111E-05-5.13017E-06 2.84472E-06-4.37942E-06
 -1       874-2.27266E-01 9.62950E-05-6.76909E-05 5.52401E-05 1.29399E-05-3.37935E-05
 -1       875-2.27270E-01 6.04907E-10-9.99706E-11 3.15175E-11 1.09817E-10-1.82211E-11
 -1       876-2.25733E-01 1.22927E-04 6.47543E-04-8.81513E-04 8.30592E-05-5.50201E-04
 -1       877-2.27270E-01-3.49105E-09-1.38792E-10 5.82912E-10 1.07740E-09-5.41180E-11
 -1       878-2.27270E-01 1.00164E-08-1.03077E-08-5.14204E-09 4.49824E-09 2.13104E-09
 -1       879-2.30813E-01-7.29014E-03-7.76793E-03-8.77985E-03 4.04745E-03 2.04446E-03
 -1       880-2.27270E-01 7.33183E-07 1.90208E-06-2.91721E-07-1.50945E-07-4.30981E-07
 -1       881-2.27270E-01 7.21934E-08 1.92202E-07 3.12112E-08 1.06016E-08 3.26318E-08
 -1       882-2.27270E-01 8.47382E-08 3.07734E-07 1.59572E-08 2.19081E-08-1.36721E-08
 -1       883-2.27282E-01-3.99551E-06-1.06541E-05 5.41024E-06 1.08489E-05-1.09127E-06
 -1       884-2.27270E-01-8.60145E-08-6.23752E-08 1.48789E-08 6.16006E-08 3.60791E-08
 -1       885-2.27270E-01-5.19760E-11 1.62720E-12 3.32781E-13-3.18581E-12 1.63184E-11
 -1       886-2.21047E-01-1.67860E-02-1.08161E-02 8.79750E-03 3.18725E-03-5.44486E-05
 -1       887-2.27270E-01 5.15337E-11-1.13237E-11 2.32065E-12-1.87122E-12 1.39855E-11
 -1       888-2.27270E-01-1.70896E-08 2.06836E-08 4.70832E-10 1.84038E-10-6.01982E-09
 -3
    1PSTEP                         3           1           1          
  100CL  101 1.000000000         888                     0    1           1
 -4  TOSTRAIN    6    1
 -5  EXX         1    4    1    1
 -5  EYY         1    4    2    2
 -5  EZZ         1    4    3    3
 -5  EXY         1    4    1    2
 -5  EYZ         1    4    2    3
 -5  EZX         1    4    3    1
 -1         1-3.29856E-06 1.08852E-06 1.08852E-06 3.73542E-16 2.29287E-17 1.04473E-16
 -1         2-3.29856E-06 1.08852E-06 1.08852E-06-3.89002E-16-1.61510E-17 9.91781E-17
 -1         3-3.29856E-06 1.08852E-06 1.08852E-06 2.11053E-16-2.12807E-16-1.60732E-16
 -1         4-3.29856E-06 1.08852E-06 1.08852E-06-1.21413E-16-1.93416E-16-1.31447E-16
 -1         5-3.29856E-06 1.08852E-06 1.08852E-06 1.34572E-16 1.46383E-16-1.92339E-16
 -1         6-3.29856E-06 1.08852E-06 1.08852E-06 2.19884E-16 4.68061E-16 3.94411E-16
 -1         7-3.29856E-06 1.08852E-06 1.08852E-06-1.42369E-16 1.95270E-16 1.45700E-16
 -1         8-3.29856E-06 1.08852E-06 1.08852E-06-3.33183E-16 2.72013E-16-3.95120E-16
 -1         9-2.90422E-06 5.51559E-07 4.08568E-07-6.44381E-07 2.59004E-07 3.22542E-07
 -1        10-2.94204E-06 4.61046E-07 3.77601E-07-7.47059E-07-2.23939E-07-3.13711E-07
 -1        11-2.83082E-06 2.89149E-07 4.49506E-07 7.62846E-07-2.42225E-07 3.67974E-07
 -1        12-2.79833E-06 2.47800E-07 3.68730E-07 8.27895E-07 2.03832E-07-3.44727E-07
 -1        13-2.54790E-06 3.30192E-07 3.34670E-07 5.07146E-07 4.77384E-08 1.14042E-07
 -1        14-2.39664E-06 1.08997E-07 3.52504E-07-5.02726E-07 7.73239E-08 7.75907E-08
 -1        15-2.48531E-06 2.15902E-07 5.06644E-07-4.83797E-07-1.56984E-09-4.23299E-08
 -1        16-2.52141E-06 3.37588E-07 2.44616E-07 4.77700E-07 2.02738E-08-1.51272E-07
 -1        17-3.29856E-06 1.08852E-06 1.08852E-06-1.28445E-16 9.80884E-17 1.54522E-17
 -1        18-3.29856E-06 1.08852E-06 1.08852E-06 1.79599E-17-7.59019E-17-1.38029E-17
 -1        19-3.29856E-06 1.08852E-06 1.08852E-06 2.93915E-16-9.30432E-18 2.92644E-17
 -1        20-3.29856E-06 1.08852E-06 1.08852E-06 3.25531E-16-7.75709E-18 4.38612E-17
 -1        21-3.29856E-06 1.08852E-06 1.08852E-06-1.86417E-17-7.12880E-17 8.57704E-17
 -1        22-3.29856E-06 1.08852E-06 1.08852E-06-3.06940E-16-6.37382E-17 8.03689E-17
 -1        23-3.29856E-06 1.08852E-06 1.08852E-06-2.36530E-16-4.89268E-17 4.87148E-17
 -1        24-3.29856E-06 1.08852E-06 1.08852E-06-6.73027E-17 1.42951E-16-2.44683E-16
 -1        25-3.29856E-06 1.08852E-06 1.08852E-06 2.29705E-16-5.13133E-17-4.73301E-17
 -1        26-3.29856E-06 1.08852E-06 1.08852E-06-8.08691E-17 4.05771E-16 6.90238E-16
 -1        27-3.29856E-06 1.08852E-06 1.08852E-06-2.28129E-16-3.48127E-17 3.22318E-17
 -1        28-3.29856E-06 1.08852E-06 1.08852E-06-2.33924E-16 7.11987E-16-7.05822E-16
 -1        29-2.99070E-06-5.96125E-12-3.20257E-12-1.15784E-06-3.68892E-15 7.05398E-09
 -1        30-3.21115E-06 1.07222E-06 1.06743E-06 6.20870E-08-1.41179E-08 2.60944E-09
 -1        31-3.29510E-06 1.08459E-06 1.09225E-06 4.52609E-09 1.69837E-09 1.57414E-09
 -1        32-3.29935E-06 1.08840E-06 1.08847E-06-1.38166E-09-3.13678E-10-4.19430E-10
 -1        33-3.29857E-06 1.08849E-06 1.08857E-06 5.19520E-11-8.78067E-12 2.33117E-11
 -1        34-3.29856E-06 1.08854E-06 1.08852E-06-8.77210E-13 7.19984E-12-3.64801E-12
 -1        35-3.29856E-06 1.08852E-06 1.08852E-06 4.56384E-13-2.24988E-13 1.47415E-12
 -1        36-3.29856E-06 1.08852E-06 1.08852E-06 3.72539E-14 7.65190E-14 4.55957E-14
 -1        37-3.29856E-06 1.08852E-06 1.08852E-06 9.78952E-15 6.39586E-15 6.66077E-15
 -1        38-3.29856E-06 1.08852E-06 1.08852E-06 3.75710E-17 4.41279E-16 1.33306E-15
 -1        39-3.15057E-06 1.04585E-06 1.00308E-06-1.43904E-07 7.25782E-08 4.92864E-09
 -1        40-3.26126E-06 1.08452E-06 1.06213E-06 2.59209E-08-5.63833E-09-5.86712E-09
 -1        41-3.29914E-06 1.08846E-06 1.08827E-06 1.37727E-11 1.27772E-09-4.99178E-10
 -1        42-3.29868E-06 1.08848E-06 1.08867E-06-2.64752E-11-1.08025E-10 1.42462E-10
 -1        43-3.29856E-06 1.08854E-06 1.08853E-06-1.08228E-11 1.47758E-11-7.39072E-12
 -1        44-3.29856E-06 1.08853E-06 1.08852E-06 3.45116E-13-2.71866E-12 4.12312E-12
 -1        45-3.29856E-06 1.08852E-06 1.08852E-06 1.29394E-13 1.93911E-13-8.09980E-15
 -1        46-3.29856E-06 1.08852E-06 1.08852E-06 3.33822E-14 2.11123E-14 2.27288E-14
 -1        47-3.29856E-06 1.08852E-06 1.08852E-06 1.83627E-15 5.33998E-16 9.46832E-16
 -1        48-3.29856E-06 1.08852E-06 1.08852E-06 1.01243E-16 4.64840E-17 1.68008E-16
 -1        49-3.22187E-06 1.08179E-06 1.06789E-06 6.73924E-08 6.31832E-09 2.14774E-09
 -1        50-3.29567E-06 1.08768E-06 1.08956E-06 4.91209E-09-7.02870E-10 6.65501E-10
 -1        51-3.29945E-06 1.08833E-06 1.08864E-06-1.10393E-09 3.47460E-10 2.89148E-10
 -1        52-3.29855E-06 1.08847E-06 1.08857E-06 5.80202E-12 3.37041E-11-2.35998E-11
 -1        53-3.29854E-06 1.08853E-06 1.08851E-06-3.66641E-12-7.95022E-12 9.76326E-12
 -1        54-3.29855E-06 1.08852E-06 1.08852E-06 9.06321E-14 1.16317E-12-1.24017E-13
 -1        55-3.29856E-06 1.08852E-06 1.08852E-06-5.76688E-14 2.22002E-14 1.67660E-13
 -1        56-3.29856E-06 1.08852E-06 1.08852E-06-9.96215E-15 2.82118E-15 4.68745E-15
 -1        57-3.29856E-06 1.08852E-06 1.08852E-06 1.46544E-17 4.39052E-16 1.15218E-15
 -1        58-3.14513E-06 1.03810E-06 1.01515E-06-1.62184E-07-7.50775E-08-4.56136E-09
 -1        59-3.26515E-06 1.08029E-06 1.07777E-06 2.12431E-08 6.06245E-10-2.63250E-09
 -1        60-3.29963E-06 1.08879E-06 1.08757E-06 6.41084E-10-8.63527E-10 1.17810E-09
 -1        61-3.29876E-06 1.08841E-06 1.08859E-06-5.83408E-11 8.88032E-11-8.09348E-11
 -1        62-3.29854E-06 1.08850E-06 1.08858E-06-4.71059E-12-1.50858E-11 3.38688E-11
 -1        63-3.29855E-06 1.08852E-06 1.08852E-06-2.74773E-13 2.02984E-12-2.74764E-12
 -1        64-3.29855E-06 1.08852E-06 1.08852E-06-1.20040E-13-2.75509E-13 3.98373E-13
 -1        65-3.29856E-06 1.08852E-06 1.08852E-06-2.54194E-14 2.54912E-14 2.62407E-14
 -1        66-3.29856E-06 1.08852E-06 1.08852E-06-1.96413E-15 5.58408E-16 2.47679E-16
 -1        67-3.29856E-06 1.08852E-06 1.08852E-06-1.87041E-16 3.47959E-17 2.55570E-16
 -1        68-3.29856E-06 1.08852E-06 1.08852E-06-6.00183E-17 3.36713E-16-4.02073E-15
 -1        69-3.29856E-06 1.08852E-06 1.08852E-06 1.40201E-14 7.83558E-15-7.83447E-15
 -1        70-3.29855E-06 1.08852E-06 1.08852E-06 6.52890E-14 5.89595E-14-5.54247E-14
 -1        71-3.29855E-06 1.08852E-06 1.08852E-06 3.26928E-14 5.88365E-13 7.53572E-15
 -1        72-3.29855E-06 1.08852E-06 1.08852E-06 1.64024E-12-5.91032E-13-3.51419E-12
 -1        73-3.29855E-06 1.08848E-06 1.08856E-06-2.45369E-11 2.76448E-11 2.29630E-11
 -1        74-3.29970E-06 1.08898E-06 1.08824E-06 1.13396E-09 6.76829E-10-1.18513E-10
 -1        75-3.28969E-06 1.08122E-06 1.08723E-06-7.72311E-09-6.09890E-09 3.38637E-09
 -1        76-3.31767E-06 1.19432E-06 1.12631E-06-9.49108E-08 4.68857E-08-4.97828E-08
 -1        77-3.29856E-06 1.08852E-06 1.08852E-06 3.84192E-16-3.46891E-16-5.77743E-16
 -1        78-3.29856E-06 1.08852E-06 1.08852E-06 3.37164E-15-5.73890E-15-4.41137E-16
 -1        79-3.29856E-06 1.08852E-06 1.08852E-06 2.41345E-14 2.30519E-14-1.99429E-14
 -1        80-3.29855E-06 1.08852E-06 1.08852E-06 1.98373E-13 8.39841E-14-1.40476E-13
 -1        81-3.29855E-06 1.08852E-06 1.08852E-06-5.63402E-13 1.88565E-12-2.74533E-13
 -1        82-3.29854E-06 1.08853E-06 1.08853E-06 1.23064E-11-6.70844E-12-7.22582E-12
 -1        83-3.29868E-06 1.08844E-06 1.08852E-06-5.25726E-11 1.03821E-10 1.14027E-10
 -1        84-3.29995E-06 1.08899E-06 1.08741E-06 2.75914E-10-1.29511E-09-7.22138E-11
 -1        85-3.26010E-06 1.10058E-06 1.04130E-06-4.09607E-08 2.27148E-08-9.59950E-09
 -1        86-3.15572E-06 9.42085E-07 1.00585E-06 2.59210E-07-1.60376E-07 1.44539E-07
 -1        87-2.35248E-06-9.76477E-09 3.45560E-07-2.25345E-08 8.22280E-09 4.50315E-07
 -1        88-2.43421E-06-4.34792E-12 4.11079E-07 2.94122E-07 6.39777E-08 3.40694E-07
 -1        89-2.47917E-06-3.18137E-12-7.44840E-12-3.27412E-07-3.10804E-13 5.91735E-07
 -1        90-3.29856E-06 1.08852E-06 1.08852E-06-2.34892E-17-1.19877E-16-4.16013E-15
 -1        91-3.29856E-06 1.08852E-06 1.08852E-06-1.27577E-14 9.41129E-15-1.05881E-14
 -1        92-3.29856E-06 1.08852E-06 1.08852E-06-2.77442E-14 7.33454E-14-1.77975E-14
 -1        93-3.29856E-06 1.08852E-06 1.08852E-06-7.21199E-13 5.27045E-14-6.89590E-13
 -1        94-3.29856E-06 1.08854E-06 1.08852E-06-7.61789E-13 5.51005E-12 2.16468E-12
 -1        95-3.29858E-06 1.08853E-06 1.08855E-06-1.60535E-11-2.33768E-13-1.63594E-11
 -1        96-3.29937E-06 1.08862E-06 1.08851E-06 1.10225E-09-4.68842E-10 2.35962E-10
 -1        97-3.28999E-06 1.08241E-06 1.08699E-06-6.33723E-09 5.90925E-09-3.75280E-09
 -1        98-3.35027E-06 1.20984E-06 1.15906E-06-9.11597E-08-6.22804E-08 5.53391E-08
 -1        99-3.29856E-06 1.08852E-06 1.08852E-06-4.55156E-16-3.56995E-16-1.88054E-16
 -1       100-3.29856E-06 1.08852E-06 1.08852E-06-2.46118E-15-4.84527E-15-3.21179E-15
 -1       101-3.29856E-06 1.08852E-06 1.08852E-06-2.63508E-14 2.21991E-14-1.76512E-14
 -1       102-3.29856E-06 1.08852E-06 1.08852E-06-1.07832E-13 1.90562E-13-1.15832E-13
 -1       103-3.29856E-06 1.08852E-06 1.08852E-06-2.79485E-12-4.27394E-13-1.43592E-12
 -1       104-3.29856E-06 1.08854E-06 1.08853E-06 8.53678E-12 1.51660E-11 4.05665E-12
 -1       105-3.29873E-06 1.08849E-06 1.08857E-06-2.34739E-12-5.25713E-11-8.69907E-11
 -1       106-3.29836E-06 1.08841E-06 1.08748E-06-2.14035E-11 1.58312E-09 1.06348E-10
 -1       107-3.25167E-06 1.09637E-06 1.04245E-06-3.96523E-08-1.87951E-08 1.26389E-08
 -1       108-3.16465E-06 9.45268E-07 1.00706E-06 2.64172E-07 1.51947E-07-1.22941E-07
 -1       109-2.34867E-06-1.00472E-08 3.43203E-07-2.69434E-08-9.36236E-09-4.50969E-07
 -1       110-2.41668E-06-4.31782E-12 4.10965E-07 2.87506E-07-6.30683E-08-3.34151E-07
 -1       111-2.50373E-06-3.25957E-12-7.45847E-12-3.38368E-07 2.74646E-13-5.98040E-07
 -1       112-2.98713E-06-5.94866E-12-3.58042E-12 1.22414E-06-2.11435E-14-6.53906E-09
 -1       113-3.29856E-06 1.08852E-06 1.08852E-06 1.72662E-16 1.28985E-15-2.39702E-15
 -1       114-3.29856E-06 1.08852E-06 1.08852E-06 2.15892E-15-5.52150E-15-8.37073E-15
 -1       115-3.29856E-06 1.08852E-06 1.08852E-06-4.64982E-14-5.37174E-14-1.22474E-13
 -1       116-3.29855E-06 1.08852E-06 1.08852E-06 7.48589E-13 2.64226E-13 3.17275E-13
 -1       117-3.29856E-06 1.08852E-06 1.08853E-06-9.97556E-12-6.81257E-12-2.80887E-12
 -1       118-3.29848E-06 1.08853E-06 1.08846E-06 9.44999E-11 3.67384E-11-5.49007E-11
 -1       119-3.29899E-06 1.08838E-06 1.08912E-06 1.05302E-09-3.53369E-10 2.57208E-10
 -1       120-3.29683E-06 1.09339E-06 1.08078E-06-7.55202E-09 4.57088E-10 2.23116E-09
 -1       121-3.34798E-06 1.08976E-06 1.13636E-06-2.98926E-08-1.08156E-08-1.12990E-08
 -1       122-3.29856E-06 1.08852E-06 1.08852E-06-1.88767E-16 3.76282E-16-1.67581E-16
 -1       123-3.29856E-06 1.08852E-06 1.08852E-06 8.95806E-16 1.74075E-15-1.36404E-16
 -1       124-3.29856E-06 1.08852E-06 1.08852E-06-6.24541E-15-1.99681E-14-1.59822E-14
 -1       125-3.29855E-06 1.08852E-06 1.08852E-06 1.02684E-14 2.62448E-13 1.01587E-13
 -1       126-3.29855E-06 1.08852E-06 1.08853E-06-3.88644E-13-1.30269E-12-1.37814E-12
 -1       127-3.29855E-06 1.08852E-06 1.08848E-06 8.16586E-12 1.76897E-11 9.95572E-12
 -1       128-3.29870E-06 1.08853E-06 1.08888E-06 2.01013E-10-1.77434E-10-2.18190E-10
 -1       129-3.29759E-06 1.08912E-06 1.08711E-06-1.55774E-09-3.81398E-10 1.38178E-09
 -1       130-3.29325E-06 1.09053E-06 1.09734E-06-2.02999E-08-1.97283E-09 1.99085E-09
 -1       131-3.12378E-06 7.85865E-07 1.15228E-06 1.50767E-07 1.38892E-07-3.03791E-08
 -1       132-2.08975E-06-2.07142E-12-7.08780E-12-4.86135E-08 6.33683E-14 1.44296E-07
 -1       133-3.42868E-06 1.15888E-06 1.24709E-06 8.41484E-08-7.89167E-08-4.02054E-08
 -1       134-3.29942E-06 1.09351E-06 1.08344E-06 6.11084E-09 1.48136E-09 2.69595E-09
 -1       135-3.29871E-06 1.08816E-06 1.08900E-06-6.68429E-10 6.35842E-11 2.92626E-11
 -1       136-3.29849E-06 1.08854E-06 1.08836E-06-4.58221E-11-9.48085E-11-2.67069E-11
 -1       137-3.29856E-06 1.08852E-06 1.08854E-06 9.88675E-12 1.15249E-11-3.75685E-14
 -1       138-3.29856E-06 1.08852E-06 1.08852E-06-2.76618E-13-3.78153E-13 4.04526E-13
 -1       139-3.29856E-06 1.08852E-06 1.08852E-06 6.09578E-14-3.44775E-14 2.73895E-14
 -1       140-3.29856E-06 1.08852E-06 1.08852E-06-3.23728E-15-1.15554E-14 1.01389E-14
 -1       141-3.29856E-06 1.08852E-06 1.08852E-06-5.97744E-16 8.83241E-16 3.07955E-15
 -1       142-3.13408E-06 8.09446E-07 1.12210E-06-1.74910E-07-7.84514E-08-8.82091E-08
 -1       143-3.27995E-06 1.08746E-06 1.08302E-06 2.14536E-08-7.04191E-10 6.21335E-09
 -1       144-3.29750E-06 1.08957E-06 1.08612E-06 1.50037E-09 2.25243E-10 1.18351E-09
 -1       145-3.29863E-06 1.08846E-06 1.08868E-06-2.53703E-10 1.06370E-11-1.28749E-10
 -1       146-3.29855E-06 1.08852E-06 1.08848E-06-7.86425E-12-2.01991E-11 1.47349E-11
 -1       147-3.29856E-06 1.08852E-06 1.08853E-06-5.57290E-13 1.61691E-12-1.14461E-13
 -1       148-3.29856E-06 1.08852E-06 1.08852E-06 3.10960E-14-6.32213E-14 1.04312E-13
 -1       149-3.29856E-06 1.08852E-06 1.08852E-06-4.93549E-16-3.24421E-15-2.09873E-15
 -1       150-3.29856E-06 1.08852E-06 1.08852E-06-1.79699E-15-1.36729E-15-4.36843E-16
 -1       151-3.29856E-06 1.08852E-06 1.08852E-06 7.41874E-17 1.05537E-15 3.04740E-16
 -1       152-2.42771E-06 2.64341E-07-6.28832E-12-6.58949E-07 4.65633E-08 3.44884E-08
 -1       153-3.38270E-06 1.12180E-06 1.17221E-06 6.82934E-08 4.80949E-08 3.03943E-08
 -1       154-3.30062E-06 1.09344E-06 1.08755E-06 8.22282E-09-5.70076E-10-3.44442E-09
 -1       155-3.29887E-06 1.08806E-06 1.08928E-06-1.01600E-09-1.87955E-10 1.21344E-10
 -1       156-3.29851E-06 1.08858E-06 1.08841E-06-4.81565E-11 3.60427E-11 8.54830E-12
 -1       157-3.29856E-06 1.08852E-06 1.08853E-06 6.44708E-12-5.74043E-12 3.78244E-13
 -1       158-3.29855E-06 1.08852E-06 1.08852E-06-5.57074E-13 6.93810E-13 4.82696E-13
 -1       159-3.29856E-06 1.08852E-06 1.08852E-06-1.25789E-15-5.66691E-14 5.06267E-14
 -1       160-3.29856E-06 1.08852E-06 1.08852E-06 2.46395E-15-8.69826E-15 3.63244E-15
 -1       161-3.29856E-06 1.08852E-06 1.08852E-06 2.18766E-16 1.11050E-15 3.74353E-15
 -1       162-3.12436E-06 7.98358E-07 1.12066E-06-1.69152E-07 8.52790E-08 8.57582E-08
 -1       163-3.28903E-06 1.08618E-06 1.09120E-06 2.03143E-08-1.03345E-09-1.65816E-08
 -1       164-3.29771E-06 1.09033E-06 1.08669E-06 1.97295E-09-2.26132E-10-6.26483E-10
 -1       165-3.29865E-06 1.08853E-06 1.08878E-06-2.02002E-10-1.28526E-10 2.13392E-10
 -1       166-3.29855E-06 1.08853E-06 1.08849E-06 1.15962E-11 1.10949E-11-6.78491E-12
 -1       167-3.29855E-06 1.08852E-06 1.08852E-06-2.56911E-13-1.29963E-12 1.24242E-12
 -1       168-3.29855E-06 1.08852E-06 1.08852E-06 1.67877E-14 1.90150E-13-2.33581E-14
 -1       169-3.29856E-06 1.08852E-06 1.08852E-06 5.86859E-15-1.17485E-15 1.12436E-15
 -1       170-3.29856E-06 1.08852E-06 1.08852E-06 1.73699E-16-1.90073E-16 1.13759E-15
 -1       171-3.29856E-06 1.08852E-06 1.08852E-06 6.31748E-17 1.14575E-15 2.84994E-16
 -1       172-2.09005E-06-2.07591E-12-7.09054E-12-5.64139E-08-5.67298E-14-1.43150E-07
 -1       173-3.29856E-06 1.08852E-06 1.08852E-06 3.92604E-16 7.24108E-16-2.51500E-15
 -1       174-3.29856E-06 1.08852E-06 1.08852E-06-1.16844E-15-9.16756E-15-1.43851E-14
 -1       175-3.29856E-06 1.08852E-06 1.08852E-06-2.26533E-14 3.07741E-14-6.80345E-15
 -1       176-3.29856E-06 1.08852E-06 1.08852E-06 7.06518E-13-8.52036E-13-7.05928E-13
 -1       177-3.29856E-06 1.08852E-06 1.08853E-06-9.31238E-12 5.79640E-12-1.10174E-12
 -1       178-3.29852E-06 1.08849E-06 1.08850E-06 4.66866E-11-2.02355E-11 2.21503E-11
 -1       179-3.29882E-06 1.08806E-06 1.08929E-06 7.68717E-10-1.68119E-10 2.27954E-10
 -1       180-3.29609E-06 1.09281E-06 1.08425E-06-9.60218E-09-6.15795E-10-1.69189E-09
 -1       181-3.39222E-06 1.10517E-06 1.20430E-06-4.60243E-08-1.14448E-08 1.25059E-08
 -1       182-3.29856E-06 1.08852E-06 1.08852E-06 1.05526E-16 2.99872E-16-2.37942E-16
 -1       183-3.29856E-06 1.08852E-06 1.08852E-06 5.19333E-16 2.39776E-15 8.39062E-16
 -1       184-3.29856E-06 1.08852E-06 1.08852E-06-5.44400E-15 1.50091E-14-9.05590E-15
 -1       185-3.29856E-06 1.08852E-06 1.08852E-06 7.08312E-14-1.08922E-13-2.08253E-13
 -1       186-3.29856E-06 1.08852E-06 1.08853E-06-5.04757E-13 2.62196E-12 1.78957E-12
 -1       187-3.29855E-06 1.08851E-06 1.08850E-06-1.16544E-12-1.45160E-11-1.66605E-11
 -1       188-3.29861E-06 1.08837E-06 1.08879E-06 2.08147E-10 6.64734E-11 1.75065E-10
 -1       189-3.29699E-06 1.08870E-06 1.08732E-06-1.64369E-09-1.52322E-10-4.80862E-10
 -1       190-3.28905E-06 1.09261E-06 1.08613E-06-2.11923E-08 5.59280E-09-6.92838E-09
 -1       191-3.12826E-06 8.88101E-07 1.07854E-06 1.91566E-07-1.14514E-07 3.62281E-08
 -1       192-2.53850E-06 4.06886E-07-6.39107E-12 6.66153E-07 4.80227E-08-3.04667E-08
 -1       193-3.29856E-06 1.08852E-06 1.08852E-06 2.73028E-16 2.73910E-16 2.25510E-17
 -1       194-3.29856E-06 1.08852E-06 1.08852E-06 4.24823E-17 3.83924E-16 2.73924E-16
 -1       195-3.29856E-06 1.08852E-06 1.08852E-06 1.87397E-16 6.08233E-17 2.23879E-17
 -1       196-3.29856E-06 1.08852E-06 1.08852E-06-2.01173E-16 2.18841E-16 1.97512E-17
 -1       197-3.29856E-06 1.08852E-06 1.08852E-06-1.38881E-16 8.01762E-17 1.02340E-16
 -1       198-3.29856E-06 1.08852E-06 1.08852E-06-2.31145E-17 2.46630E-16-2.97768E-16
 -1       199-3.29856E-06 1.08852E-06 1.08852E-06 1.66488E-16 1.81579E-16-2.42467E-16
 -1       200-3.29856E-06 1.08852E-06 1.08852E-06 1.51622E-16 1.10854E-17-6.35615E-17
 -1       201-3.29856E-06 1.08852E-06 1.08852E-06-2.94050E-16 2.58868E-16-3.57206E-16
 -1       202-3.29856E-06 1.08852E-06 1.08852E-06-1.87841E-16 6.52730E-17-1.15747E-17
 -1       203-3.32462E-06 1.42707E-06 1.14673E-06 1.68928E-07 1.38760E-08 1.05827E-08
 -1       204-3.29863E-06 1.08869E-06 1.08830E-06-6.08164E-11-8.17115E-11 4.93493E-11
 -1       205-3.30049E-06 1.08748E-06 1.09173E-06 2.59749E-10-6.28998E-10-2.46680E-10
 -1       206-3.26563E-06 1.08601E-06 1.06008E-06-1.03393E-08 3.41978E-10 2.53825E-10
 -1       207-3.29856E-06 1.08852E-06 1.08852E-06 2.90074E-17 2.96548E-16-3.92820E-16
 -1       208-3.29856E-06 1.08852E-06 1.08852E-06-9.31929E-16 2.97670E-15-1.37683E-16
 -1       209-3.29855E-06 1.08853E-06 1.08852E-06-2.05955E-12 1.32236E-14-3.79685E-13
 -1       210-3.29856E-06 1.08852E-06 1.08852E-06 1.19393E-13 5.92171E-14 1.17573E-14
 -1       211-3.29856E-06 1.08852E-06 1.08852E-06-6.79860E-15 2.32858E-14 3.50778E-14
 -1       212-3.29855E-06 1.08849E-06 1.08857E-06 1.30883E-11-5.64393E-12 5.33134E-12
 -1       213-3.29856E-06 1.08852E-06 1.08852E-06-6.99194E-18 2.44428E-16-2.11182E-16
 -1       214-3.29856E-06 1.08852E-06 1.08852E-06 8.10691E-18 2.24260E-16-2.51136E-16
 -1       215-3.29856E-06 1.08852E-06 1.08852E-06 1.95573E-16 1.77000E-16 9.31587E-17
 -1       216-3.29856E-06 1.08852E-06 1.08852E-06-3.13522E-17 1.62306E-16 2.72976E-16
 -1       217-3.15994E-06 1.20917E-06 6.28292E-07-1.99428E-07 9.56760E-08 1.41281E-07
 -1       218-3.17546E-06 1.15383E-06 6.34695E-07-2.78887E-07-6.10325E-08-1.31660E-07
 -1       219-3.17082E-06 1.01610E-06 1.14481E-06 1.70105E-08-5.48049E-08-1.40916E-08
 -1       220-3.16640E-06 9.85063E-07 1.17571E-06 5.63350E-08 7.76655E-08 9.92752E-09
 -1       221-3.28052E-06 1.08466E-06 1.07691E-06-2.28238E-09-4.71981E-10 1.81687E-09
 -1       222-3.23229E-06 1.07721E-06 1.04496E-06 1.66406E-08-1.44195E-08 9.62435E-09
 -1       223-3.17747E-06 1.04706E-06 1.03540E-06 3.40733E-08-1.05119E-09-4.20264E-09
 -1       224-3.25020E-06 1.08135E-06 1.05084E-06 1.23246E-08 8.47366E-09-1.08588E-09
 -1       225-3.30016E-06 1.08874E-06 1.08930E-06-3.68789E-10 1.60662E-10-7.71926E-11
 -1       226-3.29985E-06 1.08696E-06 1.09174E-06 1.56144E-10 1.00822E-09-1.52796E-09
 -1       227-3.29867E-06 1.08683E-06 1.09294E-06 2.53733E-09 1.02401E-09 1.14116E-09
 -1       228-3.29961E-06 1.08725E-06 1.09253E-06 1.09761E-09-1.23308E-09 6.82233E-10
 -1       229-3.28019E-06 1.08357E-06 1.08175E-06-7.54759E-10-1.20852E-09 1.58754E-10
 -1       230-3.29860E-06 1.08854E-06 1.08851E-06 1.14053E-11-5.17481E-11 5.28996E-11
 -1       231-3.29867E-06 1.08872E-06 1.08821E-06-9.50479E-11-1.12418E-10 1.90924E-10
 -1       232-3.29922E-06 1.08888E-06 1.08820E-06-6.53012E-10 4.83810E-11-5.87072E-12
 -1       233-3.29878E-06 1.08872E-06 1.08836E-06 3.59171E-12 4.38349E-11-1.13351E-10
 -1       234-3.30026E-06 1.08842E-06 1.08920E-06-4.15875E-10-4.35960E-10-7.01584E-11
 -1       235-3.29856E-06 1.08851E-06 1.08854E-06 4.83869E-12 4.39907E-12-4.26417E-12
 -1       236-3.29855E-06 1.08849E-06 1.08859E-06-1.00466E-12 3.87861E-12-2.14543E-12
 -1       237-3.29856E-06 1.08846E-06 1.08863E-06 1.26527E-11 2.39196E-11 4.08353E-12
 -1       238-3.29858E-06 1.08860E-06 1.08847E-06-2.88850E-11-6.30725E-12-1.64932E-11
 -1       239-3.29855E-06 1.08848E-06 1.08861E-06 8.83393E-12 8.34775E-12 1.57424E-11
 -1       240-3.29856E-06 1.08852E-06 1.08852E-06-6.84935E-13-3.48089E-13 1.03193E-12
 -1       241-3.29856E-06 1.08853E-06 1.08851E-06-7.77163E-13 1.79272E-12 9.46965E-14
 -1       242-3.29855E-06 1.08853E-06 1.08851E-06-1.08471E-12 3.56723E-12 8.14838E-13
 -1       243-3.29855E-06 1.08852E-06 1.08852E-06-2.19080E-12 1.02451E-12-1.37242E-12
 -1       244-3.29854E-06 1.08851E-06 1.08854E-06 5.07016E-12-9.43797E-12 1.35355E-11
 -1       245-3.29856E-06 1.08852E-06 1.08852E-06 4.51363E-14 7.52514E-14 7.85474E-14
 -1       246-3.29856E-06 1.08852E-06 1.08852E-06 2.03978E-13 2.50707E-13 3.28024E-14
 -1       247-3.29856E-06 1.08852E-06 1.08852E-06 3.86255E-13 3.74691E-13 6.22762E-13
 -1       248-3.29855E-06 1.08852E-06 1.08852E-06-8.70204E-13 1.03436E-12-9.73634E-14
 -1       249-3.29856E-06 1.08852E-06 1.08852E-06-3.70333E-14 2.31294E-13 1.13365E-13
 -1       250-3.29856E-06 1.08852E-06 1.08852E-06 4.94325E-15 1.72299E-14 3.08711E-14
 -1       251-3.29856E-06 1.08852E-06 1.08852E-06 1.87527E-14 1.01793E-14 2.58864E-14
 -1       252-3.29856E-06 1.08852E-06 1.08852E-06-1.70336E-14 7.63176E-14 1.03984E-13
 -1       253-3.29856E-06 1.08852E-06 1.08852E-06 8.47322E-14 2.37852E-14 1.28714E-13
 -1       254-3.29856E-06 1.08852E-06 1.08852E-06-1.70106E-14 4.31036E-14 3.02282E-14
 -1       255-3.29856E-06 1.08852E-06 1.08852E-06-2.02444E-16 1.18966E-15 2.41813E-15
 -1       256-3.29856E-06 1.08852E-06 1.08852E-06 1.18780E-15 2.67380E-16-1.56577E-15
 -1       257-3.29856E-06 1.08852E-06 1.08852E-06-6.52501E-16 9.15639E-15 1.45764E-14
 -1       258-3.29856E-06 1.08852E-06 1.08852E-06-3.29457E-15 1.84663E-15-2.90757E-15
 -1       259-3.29856E-06 1.08852E-06 1.08852E-06-4.45045E-15 1.15275E-14 3.12997E-14
 -1       260-3.29856E-06 1.08852E-06 1.08852E-06 6.28247E-16 5.74921E-16 2.58706E-15
 -1       261-3.29856E-06 1.08852E-06 1.08852E-06 2.20300E-17 1.69082E-15 2.09934E-15
 -1       262-3.29856E-06 1.08850E-06 1.08854E-06-1.07049E-11-6.92044E-13 1.62323E-11
 -1       263-3.29854E-06 1.08863E-06 1.08842E-06 1.97723E-11 6.50879E-12 1.86096E-11
 -1       264-3.29855E-06 1.08852E-06 1.08852E-06-2.26322E-12-3.03212E-14-2.29332E-12
 -1       265-3.29856E-06 1.08852E-06 1.08852E-06-3.86134E-13-2.86340E-13 1.08181E-14
 -1       266-3.29595E-06 1.08753E-06 1.08808E-06 4.66905E-11 7.85433E-11 1.97684E-10
 -1       267-3.29856E-06 1.08852E-06 1.08852E-06-5.23256E-14-7.76400E-15-3.76305E-15
 -1       268-3.35246E-06 1.13056E-06 1.09823E-06 7.67810E-09-4.58684E-10-1.00581E-08
 -1       269-3.29856E-06 1.08852E-06 1.08852E-06-9.19611E-15 1.15111E-15 4.82532E-16
 -1       270-3.29856E-06 1.08852E-06 1.08852E-06-1.52555E-15-2.38026E-16 1.01590E-16
 -1       271-3.40687E-06 1.09521E-06 1.34089E-06-4.42356E-08-2.38856E-08-1.07656E-07
 -1       272-3.29856E-06 1.08852E-06 1.08852E-06-8.21630E-16-1.10585E-16 5.93292E-17
 -1       273-3.29856E-06 1.08852E-06 1.08852E-06-9.37108E-16-3.72811E-17-7.62206E-17
 -1       274-3.29856E-06 1.08852E-06 1.08852E-06-8.33889E-16-2.36163E-16-4.31027E-16
 -1       275-3.29856E-06 1.08852E-06 1.08852E-06-7.47885E-16-8.93715E-17-3.96508E-17
 -1       276-3.29856E-06 1.08852E-06 1.08852E-06-9.83897E-17-5.14332E-17 1.21920E-16
 -1       277-3.15800E-06 6.94543E-07 1.31025E-06-2.80607E-07 3.70522E-08 5.66859E-09
 -1       278-3.32399E-06 1.12104E-06 1.08208E-06 4.55524E-08 2.26613E-09 2.54222E-08
 -1       279-3.00120E-06 6.21544E-07 1.28751E-06-3.37418E-08 2.63663E-08 7.99519E-08
 -1       280-3.30989E-06 1.11735E-06 1.05927E-06-6.51033E-08 4.15816E-08-4.33507E-08
 -1       281-3.11907E-06 7.02421E-07 1.20945E-06 2.77634E-07-2.77898E-08-8.25807E-09
 -1       282-3.33776E-06 1.12581E-06 1.07330E-06 3.79519E-08 1.54419E-08-1.13617E-08
 -1       283-3.31910E-06 1.10427E-06 1.09439E-06 1.40992E-08 1.69907E-09-1.23310E-08
 -1       284-3.33179E-06 1.06764E-06 1.11477E-06-1.20045E-09-2.36288E-08-2.08596E-08
 -1       285-3.29324E-06 1.08768E-06 1.08572E-06 1.69391E-09-1.12855E-10 1.88859E-09
 -1       286-3.29833E-06 1.08730E-06 1.08941E-06-1.38922E-09-4.95181E-10-2.68373E-10
 -1       287-3.31643E-06 1.10572E-06 1.09194E-06 1.60163E-09-2.34000E-10-4.12886E-10
 -1       288-3.29843E-06 1.08863E-06 1.08870E-06-1.14205E-10 6.51855E-11 6.50317E-11
 -1       289-3.29850E-06 1.08859E-06 1.08830E-06 1.30302E-10 7.00745E-12 1.00715E-10
 -1       290-3.29764E-06 1.08834E-06 1.08785E-06 1.56450E-10 1.30284E-11-3.13843E-11
 -1       291-3.29858E-06 1.08851E-06 1.08855E-06-6.13529E-12-7.99759E-12-1.18104E-12
 -1       292-3.29856E-06 1.08852E-06 1.08853E-06-1.60327E-11-2.95860E-12 2.06417E-12
 -1       293-3.29862E-06 1.08848E-06 1.08857E-06-8.76758E-12 4.11041E-12 3.34080E-12
 -1       294-3.29856E-06 1.08853E-06 1.08852E-06-1.71093E-12 2.90438E-12-4.04225E-12
 -1       295-3.29856E-06 1.08852E-06 1.08852E-06 1.44540E-13 2.78833E-13 2.73196E-13
 -1       296-3.29854E-06 1.08852E-06 1.08852E-06-5.92655E-12-1.21317E-12 1.31823E-12
 -1       297-3.29856E-06 1.08852E-06 1.08852E-06 1.51028E-13-1.70094E-13 9.28971E-15
 -1       298-3.29856E-06 1.08852E-06 1.08852E-06-1.64661E-13 3.29049E-14-8.44947E-14
 -1       299-3.29856E-06 1.08852E-06 1.08852E-06-1.13832E-12 1.85561E-13-3.55378E-13
 -1       300-3.29856E-06 1.08852E-06 1.08852E-06-2.32430E-15 2.63440E-14-4.12092E-14
 -1       301-3.29856E-06 1.08852E-06 1.08852E-06-1.94236E-14-4.83592E-15-7.26940E-17
 -1       302-3.29856E-06 1.08852E-06 1.08852E-06-1.90469E-13-1.21384E-14 2.22090E-15
 -1       303-3.29856E-06 1.08852E-06 1.08852E-06-8.67230E-16 8.84900E-17-7.00720E-15
 -1       304-3.29856E-06 1.08852E-06 1.08852E-06-6.79692E-15-5.42501E-16 1.00196E-15
 -1       305-3.29856E-06 1.08852E-06 1.08852E-06-3.39604E-14 2.09221E-15-1.38328E-17
 -1       306-3.29856E-06 1.08852E-06 1.08852E-06-5.38071E-15 1.24381E-16 1.22242E-17
 -1       307-3.29856E-06 1.08852E-06 1.08852E-06-5.52504E-15 3.67676E-15-2.33441E-15
 -1       308-3.29856E-06 1.08852E-06 1.08852E-06 1.67987E-15 9.15361E-16 9.48150E-15
 -1       309-3.29856E-06 1.08852E-06 1.08852E-06-2.57125E-14-4.76047E-15-1.46659E-15
 -1       310-3.29856E-06 1.08852E-06 1.08852E-06 6.17058E-15-1.12183E-14 3.78471E-14
 -1       311-3.29855E-06 1.08852E-06 1.08852E-06-1.19253E-13-9.69121E-15-1.02603E-14
 -1       312-3.29855E-06 1.08852E-06 1.08852E-06-1.91406E-13 9.03628E-14 3.86545E-13
 -1       313-3.29855E-06 1.08852E-06 1.08852E-06-1.84896E-12-1.53594E-13-1.93094E-13
 -1       314-3.29855E-06 1.08852E-06 1.08852E-06-5.98033E-13-1.03319E-12-5.12287E-13
 -1       315-3.29855E-06 1.08851E-06 1.08853E-06 7.17938E-12 2.93794E-12 1.40812E-12
 -1       316-3.29856E-06 1.08848E-06 1.08855E-06 1.65377E-12 1.33102E-11 1.50666E-11
 -1       317-3.29856E-06 1.08856E-06 1.08848E-06-8.82707E-11-6.11080E-12-1.32742E-11
 -1       318-3.29856E-06 1.08871E-06 1.08858E-06 8.63017E-11 4.49578E-11 9.71226E-11
 -1       319-3.29903E-06 1.08762E-06 1.09009E-06 1.74572E-09 5.75699E-10-3.79750E-10
 -1       320-3.29422E-06 1.08629E-06 1.08505E-06-2.55451E-09-1.69961E-12 1.61271E-09
 -1       321-3.32121E-06 1.10726E-06 1.09649E-06-1.17136E-08-7.98614E-09-6.98284E-10
 -1       322-3.32789E-06 1.14829E-06 1.07060E-06-2.55631E-08 5.48865E-09-7.08501E-09
 -1       323-3.29858E-06 1.08850E-06 1.08855E-06 1.19121E-11-7.60878E-12 6.42467E-13
 -1       324-3.29849E-06 1.08855E-06 1.08843E-06 8.72155E-12 1.74443E-11-4.38764E-11
 -1       325-3.29855E-06 1.08853E-06 1.08852E-06 3.15206E-12-1.89711E-12 6.17894E-13
 -1       326-3.29856E-06 1.08852E-06 1.08852E-06 3.36022E-13-2.67973E-14-1.52452E-13
 -1       327-3.29616E-06 1.08794E-06 1.08795E-06-6.66900E-10-1.09460E-10 1.50065E-10
 -1       328-3.29856E-06 1.08852E-06 1.08852E-06 4.69655E-14-7.59050E-15 1.99046E-15
 -1       329-3.35223E-06 1.12891E-06 1.09874E-06 2.67362E-09-7.09438E-10 8.51939E-09
 -1       330-3.29856E-06 1.08852E-06 1.08852E-06 9.04318E-15 1.40190E-15 1.50102E-15
 -1       331-3.29856E-06 1.08852E-06 1.08852E-06 1.65194E-15-2.13572E-16-1.91405E-16
 -1       332-3.40155E-06 1.09590E-06 1.34094E-06-2.62862E-08 2.29889E-08 1.11056E-07
 -1       333-3.29856E-06 1.08852E-06 1.08852E-06 9.33593E-16-1.96601E-17-7.27252E-17
 -1       334-3.29856E-06 1.08852E-06 1.08852E-06 7.07030E-16-6.35319E-17-3.57107E-17
 -1       335-3.29856E-06 1.08852E-06 1.08852E-06 7.35458E-16-1.97304E-16-5.93730E-16
 -1       336-3.29856E-06 1.08852E-06 1.08852E-06 9.00678E-16-3.37970E-17-8.94740E-17
 -1       337-3.29856E-06 1.08852E-06 1.08852E-06 1.72854E-16-1.21263E-16 5.53133E-17
 -1       338-3.30029E-06 1.11036E-06 1.07618E-06 6.05562E-08-4.08942E-09-2.54258E-08
 -1       339-3.17129E-06 6.98743E-07 1.31496E-06-2.81488E-07-3.56522E-08-4.45296E-09
 -1       340-3.00204E-06 6.26928E-07 1.28626E-06-2.83667E-08-2.75629E-08-8.00893E-08
 -1       341-3.10605E-06 6.98739E-07 1.20317E-06 2.77889E-07 2.51306E-08 9.31134E-09
 -1       342-3.33107E-06 1.12062E-06 1.06354E-06-5.48632E-08-3.96253E-08 3.88067E-08
 -1       343-3.31634E-06 1.10468E-06 1.08954E-06 1.19570E-08 1.03392E-09 4.84073E-09
 -1       344-3.32559E-06 1.11616E-06 1.07540E-06 3.20304E-08-8.33198E-09 7.46935E-09
 -1       345-3.32984E-06 1.06382E-06 1.11467E-06 6.50931E-09 1.33268E-08 1.93667E-08
 -1       346-3.29865E-06 1.08735E-06 1.08942E-06-1.57391E-09 4.42961E-10 4.13280E-10
 -1       347-3.29542E-06 1.08898E-06 1.08515E-06 1.98850E-09-1.01917E-10 9.83980E-12
 -1       348-3.31535E-06 1.10534E-06 1.09094E-06-1.09747E-09 3.54071E-12 1.65277E-10
 -1       349-3.29854E-06 1.08850E-06 1.08851E-06 5.50087E-11-2.32069E-11-5.19019E-13
 -1       350-3.29854E-06 1.08843E-06 1.08872E-06-1.33304E-10 2.21089E-11-7.73406E-11
 -1       351-3.29780E-06 1.08839E-06 1.08791E-06-1.24295E-10-8.32827E-12-1.90912E-11
 -1       352-3.29855E-06 1.08851E-06 1.08853E-06-5.99828E-12-4.62062E-12 1.98404E-12
 -1       353-3.29857E-06 1.08849E-06 1.08857E-06-5.40592E-12 1.57178E-11-2.83429E-11
 -1       354-3.29860E-06 1.08844E-06 1.08858E-06 9.63587E-12 3.67167E-12 1.27036E-11
 -1       355-3.29855E-06 1.08852E-06 1.08852E-06 2.43176E-12 5.90967E-13-6.15898E-13
 -1       356-3.29855E-06 1.08853E-06 1.08852E-06-2.46489E-13-2.87107E-12 9.87170E-13
 -1       357-3.29855E-06 1.08852E-06 1.08852E-06 6.44633E-12 4.74239E-13-7.56614E-13
 -1       358-3.29855E-06 1.08852E-06 1.08852E-06 3.44262E-14 8.18596E-14 8.77043E-14
 -1       359-3.29855E-06 1.08852E-06 1.08852E-06 2.87792E-13 3.56029E-13-4.49221E-13
 -1       360-3.29856E-06 1.08852E-06 1.08852E-06 1.28047E-12-9.93044E-14 9.96865E-14
 -1       361-3.29856E-06 1.08852E-06 1.08852E-06 1.66826E-14-5.85338E-15 1.56323E-15
 -1       362-3.29856E-06 1.08852E-06 1.08852E-06-1.77754E-14-1.10023E-15-2.71017E-14
 -1       363-3.29856E-06 1.08852E-06 1.08852E-06 1.84595E-13-1.58011E-14-2.06792E-14
 -1       364-3.29856E-06 1.08852E-06 1.08852E-06 7.09405E-15-7.57374E-16 1.09063E-15
 -1       365-3.29856E-06 1.08852E-06 1.08852E-06 1.97365E-15 1.94140E-16-7.57356E-15
 -1       366-3.29856E-06 1.08852E-06 1.08852E-06 3.31393E-14 2.90766E-15 1.60271E-15
 -1       367-3.29856E-06 1.08852E-06 1.08852E-06 5.35397E-15 1.12718E-16-6.38534E-17
 -1       368-3.29856E-06 1.08852E-06 1.08852E-06-2.83937E-15 1.83925E-16 8.03645E-15
 -1       369-3.29856E-06 1.08852E-06 1.08852E-06 5.05922E-15 2.61232E-15-1.50241E-15
 -1       370-3.29856E-06 1.08852E-06 1.08852E-06 1.68425E-14 5.06275E-15 6.58442E-14
 -1       371-3.29856E-06 1.08852E-06 1.08852E-06 2.63163E-14-5.27879E-15-3.26624E-15
 -1       372-3.29856E-06 1.08852E-06 1.08852E-06-1.41064E-13-2.18775E-13 7.84005E-14
 -1       373-3.29856E-06 1.08852E-06 1.08852E-06 2.34320E-13-2.89108E-14-2.04316E-14
 -1       374-3.29856E-06 1.08853E-06 1.08852E-06 5.19446E-13 1.41281E-12 3.21618E-12
 -1       375-3.29856E-06 1.08853E-06 1.08852E-06-3.97347E-13 4.49878E-14 1.24471E-13
 -1       376-3.29858E-06 1.08851E-06 1.08853E-06 1.29114E-11-1.07932E-11-8.86347E-13
 -1       377-3.29856E-06 1.08853E-06 1.08853E-06 1.40980E-11-2.38384E-12-2.54113E-12
 -1       378-3.29844E-06 1.08862E-06 1.08852E-06 1.27033E-10 2.22379E-11-3.65046E-11
 -1       379-3.29855E-06 1.08855E-06 1.08850E-06-6.17481E-11 2.04747E-11-3.58468E-13
 -1       380-3.29291E-06 1.08664E-06 1.08495E-06-3.23107E-09 1.79209E-10-1.61528E-09
 -1       381-3.29857E-06 1.08777E-06 1.08936E-06 1.09358E-09-4.93096E-10 6.41076E-10
 -1       382-3.32672E-06 1.14610E-06 1.07263E-06-3.10033E-08-2.46533E-09 3.70382E-09
 -1       383-3.32097E-06 1.10502E-06 1.09811E-06-1.16827E-08 7.56480E-09 6.00929E-10
 -1       384-3.29856E-06 1.08852E-06 1.08852E-06-1.76125E-16 5.93727E-17 3.89934E-16
 -1       385-3.29856E-06 1.08852E-06 1.08852E-06-1.75256E-13 2.70748E-13-1.24562E-13
 -1       386-3.29856E-06 1.08852E-06 1.08852E-06 2.18674E-15 2.84468E-14-2.09101E-14
 -1       387-3.29856E-06 1.08852E-06 1.08852E-06 1.85978E-17 1.45060E-15 1.63857E-15
 -1       388-3.24920E-06 1.46615E-06 1.15947E-06-2.57402E-07-1.43353E-08 1.25162E-08
 -1       389-3.26332E-06 1.07227E-06 1.03288E-06 3.14547E-08 1.02652E-09-3.27186E-09
 -1       390-3.29855E-06 1.08850E-06 1.08855E-06-1.43174E-11 6.54659E-12-6.32174E-15
 -1       391-3.29862E-06 1.08875E-06 1.08823E-06 9.93885E-11-9.20540E-11-2.67645E-11
 -1       392-3.30042E-06 1.08880E-06 1.09031E-06-6.89051E-10 3.15357E-10-3.72709E-10
 -1       393-3.29855E-06 1.08853E-06 1.08852E-06 2.33376E-12 9.49715E-13-8.64100E-13
 -1       394-3.29856E-06 1.08852E-06 1.08852E-06-1.08269E-16-9.01769E-17 5.40098E-17
 -1       395-3.29856E-06 1.08852E-06 1.08852E-06 3.97640E-17 6.85166E-19 5.64692E-17
 -1       396-3.29856E-06 1.08852E-06 1.08852E-06 3.35265E-16 4.08298E-16-1.97099E-16
 -1       397-3.29856E-06 1.08852E-06 1.08852E-06-6.05601E-16 5.18775E-16-1.93408E-16
 -1       398-3.08876E-06 1.14138E-06 6.34222E-07 3.36279E-07 6.12023E-08-1.63047E-07
 -1       399-3.09430E-06 1.21775E-06 6.31983E-07 2.46494E-07-9.43067E-08 1.63981E-07
 -1       400-3.26325E-06 1.23728E-06 1.12734E-06-1.97305E-07 9.52240E-08 2.76070E-08
 -1       401-3.30876E-06 1.24898E-06 1.16370E-06-1.58287E-07-1.06191E-07-4.29487E-08
 -1       402-3.29856E-06 1.08852E-06 1.08852E-06 6.37607E-15 5.45585E-15 3.06452E-15
 -1       403-3.29856E-06 1.08852E-06 1.08852E-06-8.92549E-16 9.54785E-16-1.87144E-15
 -1       404-3.29856E-06 1.08852E-06 1.08852E-06 5.68839E-16 1.08147E-15-3.03756E-15
 -1       405-3.29856E-06 1.08852E-06 1.08852E-06 8.92363E-16 4.62163E-16-2.55576E-15
 -1       406-3.29856E-06 1.08852E-06 1.08852E-06 1.82758E-14 1.89275E-14-1.07294E-14
 -1       407-3.29856E-06 1.08852E-06 1.08852E-06 3.95081E-15 1.23794E-14-2.60553E-14
 -1       408-3.29856E-06 1.08852E-06 1.08852E-06-8.33188E-16 9.81611E-15-1.50500E-14
 -1       409-3.29856E-06 1.08852E-06 1.08852E-06-3.20643E-15 1.65580E-14-2.45463E-14
 -1       410-3.29856E-06 1.08852E-06 1.08852E-06-5.64771E-15 5.95371E-15 1.32752E-15
 -1       411-3.29855E-06 1.08852E-06 1.08852E-06 3.24969E-14 1.83010E-13-1.11989E-13
 -1       412-3.29856E-06 1.08852E-06 1.08852E-06-1.22497E-15 1.36134E-13-1.42403E-13
 -1       413-3.29856E-06 1.08852E-06 1.08852E-06 2.14152E-14 8.06557E-14-7.56152E-14
 -1       414-3.29856E-06 1.08852E-06 1.08852E-06-1.71343E-14 1.20017E-13-1.08339E-13
 -1       415-3.29856E-06 1.08852E-06 1.08852E-06-1.92202E-14 3.50500E-14-3.94185E-15
 -1       416-3.29855E-06 1.08852E-06 1.08852E-06 1.75004E-12 2.00878E-12-9.57463E-13
 -1       417-3.29855E-06 1.08852E-06 1.08852E-06 4.20345E-13 8.28884E-13-5.08036E-13
 -1       418-3.29856E-06 1.08852E-06 1.08852E-06-2.27537E-13 3.81410E-13-4.89569E-13
 -1       419-3.29856E-06 1.08852E-06 1.08852E-06-2.75527E-13 2.93837E-13-1.78695E-13
 -1       420-3.29856E-06 1.08852E-06 1.08852E-06 2.80010E-13 7.15560E-13-1.27075E-12
 -1       421-3.29855E-06 1.08850E-06 1.08858E-06-2.89999E-12 7.31264E-12-6.10774E-12
 -1       422-3.29855E-06 1.08851E-06 1.08853E-06-2.86540E-12-1.29298E-12-7.86635E-12
 -1       423-3.29855E-06 1.08853E-06 1.08851E-06 3.85585E-13 3.04814E-12-2.32255E-12
 -1       424-3.29855E-06 1.08852E-06 1.08853E-06-3.63969E-12 3.65968E-12 1.80426E-12
 -1       425-3.29856E-06 1.08853E-06 1.08851E-06 1.54100E-13 1.53459E-12-5.53268E-13
 -1       426-3.29872E-06 1.08890E-06 1.08804E-06-5.73012E-11 8.04049E-11 1.08972E-10
 -1       427-3.29858E-06 1.08862E-06 1.08846E-06 3.06062E-11-4.78104E-12 3.41729E-11
 -1       428-3.29856E-06 1.08849E-06 1.08861E-06-2.40255E-11 1.20992E-11 1.30971E-12
 -1       429-3.29856E-06 1.08851E-06 1.08857E-06-6.98011E-12 8.13203E-12 1.03100E-11
 -1       430-3.29860E-06 1.08864E-06 1.08839E-06 3.75444E-11-3.34328E-12-5.39337E-11
 -1       431-3.30046E-06 1.08698E-06 1.09180E-06 1.86874E-10-1.82097E-09-1.94094E-09
 -1       432-3.30048E-06 1.08954E-06 1.08840E-06 3.92962E-10 6.44316E-11 1.46881E-10
 -1       433-3.29926E-06 1.08904E-06 1.08801E-06 6.25899E-10-5.13352E-11 5.69977E-11
 -1       434-3.29870E-06 1.08870E-06 1.08817E-06 1.09700E-10-1.74463E-10-1.43848E-10
 -1       435-3.30031E-06 1.08934E-06 1.08887E-06 2.55082E-10 6.74394E-11-3.35118E-10
 -1       436-3.25338E-06 1.08596E-06 1.03249E-06-1.11450E-08 1.43913E-08-1.48349E-08
 -1       437-3.27202E-06 1.07496E-06 1.06651E-06 7.80174E-09-3.05246E-09 1.05819E-09
 -1       438-3.29657E-06 1.08633E-06 1.09223E-06-5.16167E-09 8.56430E-11 5.00688E-10
 -1       439-3.27498E-06 1.08297E-06 1.06769E-06 8.59014E-09 1.26970E-09-1.60596E-09
 -1       440-3.29912E-06 1.08756E-06 1.08959E-06 3.56717E-10 1.46850E-09 1.78674E-09
 -1       441-3.22534E-06 1.08387E-06 1.03701E-06-2.48031E-08-1.18069E-08 5.93261E-09
 -1       442-3.24796E-06 1.09588E-06 1.03768E-06-8.92677E-09-2.77149E-08 2.08240E-08
 -1       443-3.29856E-06 1.08852E-06 1.08852E-06-1.12293E-15 8.69144E-17 2.97457E-17
 -1       444-3.42338E-06 8.23902E-07 1.65808E-06 1.77893E-08 4.96865E-08-9.29235E-08
 -1       445-3.29855E-06 1.08852E-06 1.08852E-06-1.74253E-14-7.45194E-14 2.92435E-14
 -1       446-3.29868E-06 1.08822E-06 1.08863E-06 3.09125E-11 4.18727E-11 1.91255E-10
 -1       447-3.29856E-06 1.08852E-06 1.08853E-06 4.97608E-13-1.85653E-12 1.75103E-12
 -1       448-3.29851E-06 1.08854E-06 1.08848E-06-3.81340E-12-7.12339E-12-2.60980E-11
 -1       449-3.29856E-06 1.08852E-06 1.08852E-06-9.83211E-16 1.53621E-15 8.42637E-17
 -1       450-3.34988E-06 1.13156E-06 1.09153E-06 2.69062E-09 9.52312E-10-3.94101E-10
 -1       451-3.29856E-06 1.08852E-06 1.08852E-06 3.52709E-14-1.11187E-13 8.93551E-15
 -1       452-3.29832E-06 1.08791E-06 1.08889E-06-1.37342E-11-7.92336E-11 3.47266E-10
 -1       453-3.29856E-06 1.08852E-06 1.08852E-06-3.92555E-16-2.66930E-17-1.03805E-16
 -1       454-3.29856E-06 1.08852E-06 1.08852E-06-3.93254E-16 2.37749E-16 2.31416E-16
 -1       455-3.29856E-06 1.08852E-06 1.08852E-06-9.32398E-16 8.40335E-17-4.32718E-16
 -1       456-3.29856E-06 1.08852E-06 1.08852E-06-7.78257E-16 3.67654E-16 1.85319E-16
 -1       457-2.89695E-06 4.35768E-07 1.31565E-06-1.73464E-07 3.62420E-08-4.11201E-08
 -1       458-2.96383E-06 5.07818E-07 1.15912E-06 1.93119E-07 4.53991E-08 5.55437E-08
 -1       459-3.38234E-06 9.67415E-07 1.21808E-06 5.48480E-09-4.52338E-09-2.77796E-08
 -1       460-3.46694E-06 1.05091E-06 1.25100E-06-6.21579E-08 5.64334E-09-8.77724E-09
 -1       461-3.29856E-06 1.08852E-06 1.08852E-06 2.10875E-15 1.86334E-16-2.18531E-16
 -1       462-3.29856E-06 1.08852E-06 1.08852E-06-1.15580E-15-4.39016E-16-1.22469E-15
 -1       463-3.29856E-06 1.08852E-06 1.08852E-06-9.33956E-16-3.13393E-15 5.76000E-16
 -1       464-3.29856E-06 1.08852E-06 1.08852E-06-2.11385E-15-3.63571E-16 5.77784E-16
 -1       465-3.29856E-06 1.08852E-06 1.08852E-06 2.33804E-14-1.64770E-13-1.73464E-14
 -1       466-3.29856E-06 1.08852E-06 1.08852E-06 6.05314E-16-2.85363E-15 6.01678E-15
 -1       467-3.29856E-06 1.08852E-06 1.08852E-06 1.97564E-15-2.27095E-14-5.93998E-16
 -1       468-3.29856E-06 1.08852E-06 1.08852E-06 3.18005E-16 8.32119E-16 9.14046E-16
 -1       469-3.29856E-06 1.08852E-06 1.08852E-06 4.24744E-15-1.61482E-14 1.62457E-15
 -1       470-3.29855E-06 1.08852E-06 1.08852E-06 2.42064E-13 3.78635E-13 1.46092E-13
 -1       471-3.29856E-06 1.08852E-06 1.08852E-06-1.55962E-15-8.55140E-14-5.64438E-14
 -1       472-3.29856E-06 1.08852E-06 1.08852E-06-4.22416E-15 1.70162E-14 2.29292E-14
 -1       473-3.29856E-06 1.08852E-06 1.08853E-06-3.27487E-12-1.33501E-11 1.34597E-12
 -1       474-3.29855E-06 1.08852E-06 1.08852E-06 1.72080E-14-5.51761E-14 6.16820E-13
 -1       475-3.29855E-06 1.08852E-06 1.08852E-06-4.68215E-14-2.52910E-13-2.89540E-14
 -1       476-3.29848E-06 1.08856E-06 1.08844E-06 4.04718E-11 6.93777E-11-9.60606E-12
 -1       477-3.29856E-06 1.08853E-06 1.08853E-06-9.44412E-12-5.03977E-12-1.06635E-11
 -1       478-3.29857E-06 1.08854E-06 1.08850E-06-2.88316E-13-2.16706E-12-5.16737E-12
 -1       479-3.29889E-06 1.08861E-06 1.08859E-06 2.84542E-10-7.21759E-11 8.70516E-11
 -1       480-3.29838E-06 1.08847E-06 1.08851E-06 9.76284E-11-4.68228E-13 5.29907E-11
 -1       481-3.29840E-06 1.08843E-06 1.08862E-06 1.50466E-11-9.58481E-12 2.75736E-11
 -1       482-3.29886E-06 1.09288E-06 1.08693E-06-4.61435E-09 4.26623E-11 6.14794E-11
 -1       483-3.29876E-06 1.08768E-06 1.08888E-06 6.31742E-10-1.90217E-10 2.22312E-10
 -1       484-3.29870E-06 1.08751E-06 1.08854E-06 1.13719E-10-1.26909E-11-2.78063E-11
 -1       485-3.33505E-06 1.09360E-06 1.10536E-06-2.32603E-08-3.24441E-09-3.21800E-09
 -1       486-3.32187E-06 1.11583E-06 1.08328E-06-8.57903E-09 1.88139E-09 8.14190E-10
 -1       487-3.29842E-06 1.09952E-06 1.08294E-06-2.49588E-10 2.01233E-09-4.95745E-09
 -1       488-3.32339E-06 1.11399E-06 1.08940E-06 7.78819E-09 1.64271E-10-7.98608E-10
 -1       489-3.29895E-06 1.09310E-06 1.08669E-06 4.08901E-09 3.38934E-12-6.65398E-11
 -1       490-3.36066E-06 1.08485E-06 1.12177E-06-8.46540E-09-3.15486E-09 9.98900E-09
 -1       491-3.32022E-06 1.12155E-06 1.08502E-06 3.20548E-08 1.31899E-09-4.81634E-10
 -1       492-3.29861E-06 1.08736E-06 1.08895E-06-4.08387E-10 1.96064E-10 1.87443E-10
 -1       493-3.29839E-06 1.08843E-06 1.08852E-06-5.12053E-11 5.26393E-12 5.21613E-11
 -1       494-3.29878E-06 1.08833E-06 1.08864E-06-1.79609E-10 1.95342E-10 9.42118E-11
 -1       495-3.29857E-06 1.08852E-06 1.08853E-06 9.12173E-12 4.90012E-12-1.22195E-11
 -1       496-3.29848E-06 1.08852E-06 1.08845E-06-3.39869E-11-7.31529E-11-4.74937E-12
 -1       497-3.29856E-06 1.08852E-06 1.08852E-06-1.60238E-13-3.13765E-13 4.18523E-13
 -1       498-3.29856E-06 1.08852E-06 1.08854E-06 5.70337E-12 1.10977E-11 7.96139E-13
 -1       499-3.29856E-06 1.08852E-06 1.08852E-06-2.28074E-15 6.34965E-14-8.58619E-14
 -1       500-3.29855E-06 1.08852E-06 1.08852E-06-2.61165E-13-2.71285E-13 7.57363E-14
 -1       501-3.29856E-06 1.08852E-06 1.08852E-06 4.93474E-14-2.53220E-14-4.60353E-15
 -1       502-3.29856E-06 1.08852E-06 1.08852E-06 7.59042E-17 6.07624E-16 3.04999E-16
 -1       503-3.29856E-06 1.08852E-06 1.08852E-06 6.50344E-16 1.61836E-15 4.54442E-15
 -1       504-3.15360E-06 9.80136E-07 1.18020E-06-1.37777E-07 3.39841E-08-1.41825E-08
 -1       505-3.39568E-06 1.09821E-06 1.12205E-06 7.02739E-08-3.29659E-08-6.70156E-09
 -1       506-3.28790E-06 1.08321E-06 1.08648E-06 8.60120E-09 2.99327E-09-2.41468E-09
 -1       507-3.29794E-06 1.09094E-06 1.08008E-06 3.94980E-09 3.06982E-09 3.10331E-10
 -1       508-3.29733E-06 1.08909E-06 1.08642E-06 1.36082E-09 3.59401E-10-8.73243E-10
 -1       509-3.29864E-06 1.08851E-06 1.08875E-06-1.25154E-10 2.45336E-11-6.86673E-11
 -1       510-3.29852E-06 1.08856E-06 1.08829E-06-4.11214E-11-9.30447E-11-4.63637E-11
 -1       511-3.29876E-06 1.08823E-06 1.08990E-06-7.30450E-10-6.06396E-10-3.12806E-11
 -1       512-3.29856E-06 1.08855E-06 1.08847E-06 1.54994E-11 7.32030E-12-8.45866E-12
 -1       513-3.29856E-06 1.08852E-06 1.08854E-06 8.77144E-12 1.90572E-13 1.00987E-12
 -1       514-3.29855E-06 1.08852E-06 1.08853E-06-2.09215E-14-1.61391E-12-5.58716E-13
 -1       515-3.29855E-06 1.08852E-06 1.08852E-06-4.14115E-13 1.74359E-13 9.79349E-13
 -1       516-3.29856E-06 1.08852E-06 1.08852E-06-4.35227E-14 8.33855E-14-2.57305E-14
 -1       517-3.29856E-06 1.08852E-06 1.08852E-06 5.25701E-14-4.73287E-14 7.19059E-14
 -1       518-3.29856E-06 1.08852E-06 1.08852E-06-5.25756E-15-4.98872E-15-1.61403E-14
 -1       519-3.29856E-06 1.08852E-06 1.08852E-06 3.18219E-15-1.92029E-14 2.02188E-15
 -1       520-3.29856E-06 1.08852E-06 1.08852E-06-1.17678E-15-1.97827E-15-1.59274E-15
 -1       521-3.29856E-06 1.08852E-06 1.08852E-06 1.15999E-15 6.81892E-17 1.42966E-18
 -1       522-3.42549E-06 8.28124E-07 1.65800E-06 2.06937E-08-4.64707E-08 8.79766E-08
 -1       523-3.29856E-06 1.08855E-06 1.08851E-06-4.08000E-12-2.84422E-12-5.93919E-12
 -1       524-3.29856E-06 1.08852E-06 1.08853E-06 8.20685E-13-4.79424E-13 7.06504E-13
 -1       525-3.29852E-06 1.08821E-06 1.08860E-06-2.14441E-11-6.35330E-11-1.04184E-10
 -1       526-3.29855E-06 1.08852E-06 1.08852E-06-1.01254E-13-5.50067E-13 1.56823E-13
 -1       527-3.35183E-06 1.13078E-06 1.09306E-06-2.53134E-10-4.91488E-10 2.34911E-10
 -1       528-3.29856E-06 1.08852E-06 1.08852E-06 1.07360E-15 1.50859E-15 4.82615E-16
 -1       529-3.29854E-06 1.08829E-06 1.08876E-06-5.10666E-10-4.42231E-11-2.95396E-10
 -1       530-3.29856E-06 1.08852E-06 1.08852E-06-4.01215E-14-1.16095E-13-1.83042E-14
 -1       531-3.29856E-06 1.08852E-06 1.08852E-06 4.88213E-16 2.32511E-16 2.03004E-16
 -1       532-3.29856E-06 1.08852E-06 1.08852E-06 3.63580E-16 7.37709E-17-1.16987E-16
 -1       533-3.29856E-06 1.08852E-06 1.08852E-06 8.58799E-16 3.94112E-16 3.90004E-18
 -1       534-3.29856E-06 1.08852E-06 1.08852E-06 9.27462E-16 1.51230E-17-5.03557E-16
 -1       535-2.94941E-06 5.03920E-07 1.16652E-06 1.92912E-07-4.88143E-08-5.15924E-08
 -1       536-2.92323E-06 4.48965E-07 1.31814E-06-1.76439E-07-3.67960E-08 3.53764E-08
 -1       537-3.42982E-06 1.04538E-06 1.23340E-06-4.38041E-08-9.94555E-09 1.24448E-08
 -1       538-3.40021E-06 9.80312E-07 1.21645E-06 1.67997E-08 8.81825E-09 2.71022E-08
 -1       539-3.32730E-06 1.11103E-06 1.09311E-06 2.67783E-08-8.34303E-10 4.18071E-11
 -1       540-3.32517E-06 1.11539E-06 1.08848E-06 8.33563E-09-3.49264E-10 6.73205E-10
 -1       541-3.35222E-06 1.08183E-06 1.11856E-06-2.75641E-09 6.00351E-09-1.12013E-08
 -1       542-3.32938E-06 1.10144E-06 1.09883E-06-2.55280E-08 2.49262E-09 2.19108E-09
 -1       543-3.29955E-06 1.09373E-06 1.08677E-06 4.06832E-09-1.86810E-10 9.90967E-11
 -1       544-3.29872E-06 1.08781E-06 1.08884E-06-7.51248E-10-9.88010E-11-1.78351E-10
 -1       545-3.29964E-06 1.09918E-06 1.08346E-06-5.23428E-10-1.42670E-09 4.63314E-09
 -1       546-3.32311E-06 1.11443E-06 1.08582E-06-9.70678E-09-1.08077E-09-4.23312E-10
 -1       547-3.29883E-06 1.09219E-06 1.08717E-06-4.97453E-09 7.81266E-11 4.86241E-11
 -1       548-3.29874E-06 1.08853E-06 1.08858E-06-2.18393E-10-1.80997E-10-3.81506E-11
 -1       549-3.29838E-06 1.08849E-06 1.08850E-06-1.14089E-10-3.88453E-11-3.63024E-11
 -1       550-3.29866E-06 1.08773E-06 1.08851E-06-2.30020E-10-7.81366E-11 2.46619E-11
 -1       551-3.29853E-06 1.08857E-06 1.08849E-06-2.49071E-11 3.61155E-11-1.84905E-11
 -1       552-3.29857E-06 1.08853E-06 1.08853E-06 8.16086E-12 4.76048E-12 1.79779E-12
 -1       553-3.29840E-06 1.08842E-06 1.08850E-06-2.94885E-11-1.30248E-11 3.43618E-12
 -1       554-3.29856E-06 1.08852E-06 1.08853E-06 3.61486E-12-4.83258E-12 1.60485E-12
 -1       555-3.29855E-06 1.08852E-06 1.08852E-06-4.34378E-13 6.83936E-13-8.16410E-13
 -1       556-3.29857E-06 1.08853E-06 1.08852E-06-1.38894E-12-1.39021E-12-1.84711E-13
 -1       557-3.29855E-06 1.08852E-06 1.08852E-06-5.41916E-13 8.38043E-13-2.90913E-14
 -1       558-3.29856E-06 1.08852E-06 1.08852E-06-2.51031E-14-1.71218E-13 8.33678E-14
 -1       559-3.29855E-06 1.08852E-06 1.08852E-06 2.57989E-13 5.46689E-14 1.32595E-13
 -1       560-3.29856E-06 1.08852E-06 1.08852E-06-1.24524E-14-1.83309E-13 1.06320E-15
 -1       561-3.29856E-06 1.08852E-06 1.08852E-06 4.96357E-15 5.15002E-16-5.23148E-15
 -1       562-3.29856E-06 1.08852E-06 1.08852E-06-4.41138E-15-4.34370E-14 3.17589E-14
 -1       563-3.29856E-06 1.08852E-06 1.08852E-06-2.33290E-16-3.38370E-16 1.17154E-15
 -1       564-3.29856E-06 1.08852E-06 1.08852E-06 1.20504E-15 1.85572E-16 5.58955E-16
 -1       565-3.29856E-06 1.08852E-06 1.08852E-06-2.99134E-15-2.17186E-14-9.48135E-16
 -1       566-3.29856E-06 1.08852E-06 1.08852E-06-2.28404E-15 1.35305E-15 4.53251E-16
 -1       567-3.29856E-06 1.08852E-06 1.08852E-06-1.32470E-14-1.97999E-14-2.24885E-15
 -1       568-3.29856E-06 1.08852E-06 1.08852E-06 8.88475E-16-2.93054E-15 1.77324E-16
 -1       569-3.29856E-06 1.08852E-06 1.08852E-06 1.96130E-15-9.03354E-16-1.28938E-15
 -1       570-3.29856E-06 1.08852E-06 1.08852E-06-5.30481E-14 9.19049E-15-1.40497E-14
 -1       571-3.29856E-06 1.08852E-06 1.08852E-06 6.43134E-14 6.72481E-14 1.42275E-13
 -1       572-3.29855E-06 1.08852E-06 1.08852E-06 1.02356E-13-1.85863E-12-6.00170E-14
 -1       573-3.29856E-06 1.08852E-06 1.08852E-06 6.74615E-13-7.10190E-13-6.14312E-13
 -1       574-3.29856E-06 1.08852E-06 1.08853E-06-2.58560E-12 5.45426E-12 1.91425E-12
 -1       575-3.29857E-06 1.08852E-06 1.08853E-06-1.13389E-11-4.62156E-12 3.47848E-12
 -1       576-3.29852E-06 1.08853E-06 1.08851E-06 1.32490E-11-3.24015E-11-1.37643E-11
 -1       577-3.29838E-06 1.08839E-06 1.08851E-06 5.33571E-11 3.89159E-11-2.90884E-11
 -1       578-3.29864E-06 1.08828E-06 1.08866E-06 2.30881E-10 1.06703E-10-6.78313E-11
 -1       579-3.29880E-06 1.08744E-06 1.08890E-06 3.01312E-10 8.23364E-11-1.82828E-10
 -1       580-3.29856E-06 1.08852E-06 1.08852E-06-5.12923E-17 6.20552E-16-2.18506E-16
 -1       581-3.29856E-06 1.08852E-06 1.08852E-06 9.52429E-16 2.26802E-15-4.55316E-15
 -1       582-3.15223E-06 9.49464E-07 1.11943E-06 2.09727E-07 6.15367E-08-6.41877E-09
 -1       583-3.40466E-06 1.11737E-06 1.22333E-06-3.30960E-08-2.41755E-08-4.29274E-09
 -1       584-3.29856E-06 1.08852E-06 1.08852E-06-1.02842E-16 1.44338E-15 3.12897E-15
 -1       585-3.29856E-06 1.08852E-06 1.08852E-06 3.68874E-15-1.27451E-14-1.10895E-14
 -1       586-3.29856E-06 1.08852E-06 1.08852E-06-1.54706E-14-1.78044E-14 3.02884E-15
 -1       587-3.29856E-06 1.08852E-06 1.08852E-06-2.40370E-14-1.03523E-13-7.31112E-14
 -1       588-3.29856E-06 1.08852E-06 1.08852E-06 5.39799E-14-2.17777E-13 1.66209E-13
 -1       589-3.29855E-06 1.08852E-06 1.08852E-06 9.97119E-13-9.06234E-13 1.77307E-14
 -1       590-3.29856E-06 1.08852E-06 1.08853E-06-5.86347E-13 1.60143E-12 5.04553E-13
 -1       591-3.29856E-06 1.08852E-06 1.08854E-06-8.51508E-12 1.92210E-12-2.19011E-12
 -1       592-3.29855E-06 1.08855E-06 1.08847E-06-6.79372E-12-2.43859E-11 6.39223E-12
 -1       593-3.29853E-06 1.08852E-06 1.08837E-06 6.16203E-11 6.45926E-12-2.58019E-12
 -1       594-3.29864E-06 1.08826E-06 1.08908E-06 1.44210E-10-5.67928E-11 1.00630E-10
 -1       595-3.29883E-06 1.08847E-06 1.09022E-06 5.73435E-10-5.48902E-10 3.39242E-10
 -1       596-3.29653E-06 1.08830E-06 1.08638E-06-4.83599E-10-3.92587E-10-1.25912E-09
 -1       597-3.29570E-06 1.08735E-06 1.08489E-06-3.91059E-09-1.31269E-09-1.28035E-10
 -1       598-3.28997E-06 1.07874E-06 1.09853E-06-8.59419E-09 4.16999E-10 6.86743E-09
 -1       599-2.61896E-06-5.86875E-12-3.14221E-12-8.84783E-07-7.89791E-14-8.11917E-08
 -1       600-2.61308E-06 2.11014E-07 1.72451E-07-6.45802E-07 2.27589E-07 3.11229E-07
 -1       601-2.31411E-06-1.17142E-08 3.17409E-07-1.87769E-07-2.80951E-08 2.76859E-07
 -1       602-2.67188E-06 2.04346E-07 2.02002E-07-6.61606E-07-2.30897E-07-3.19179E-07
 -1       603-2.32264E-06-1.02595E-08 3.17873E-07-1.94585E-07 3.05892E-08-2.75980E-07
 -1       604-2.69378E-06 2.62418E-07 9.03037E-08 6.69931E-07-2.45780E-07 3.76485E-07
 -1       605-2.67629E-06-5.74813E-12-3.56772E-12 9.50472E-07 5.93608E-14-1.05466E-07
 -1       606-2.16633E-06-2.25830E-12-6.52082E-12 1.34940E-07-1.63053E-13 3.49021E-07
 -1       607-2.65712E-06 2.71429E-07 6.70980E-08 6.64158E-07 2.46328E-07-3.71668E-07
 -1       608-2.16143E-06-2.25395E-12-6.52629E-12 1.29187E-07 1.55375E-13-3.43716E-07
 -1       609-3.29856E-06 1.08852E-06 1.08852E-06-1.12631E-15-9.99056E-16-6.75422E-16
 -1       610-3.29856E-06 1.08852E-06 1.08852E-06-1.81608E-16 2.28091E-15 3.25388E-15
 -1       611-3.29856E-06 1.08852E-06 1.08852E-06-7.20869E-17 1.25550E-15 1.82929E-15
 -1       612-3.28480E-06 1.08467E-06 1.09480E-06-1.71916E-08-1.47308E-09 1.19674E-08
 -1       613-3.28211E-06 1.08085E-06 1.08958E-06 4.72185E-09 2.18787E-09-4.94327E-09
 -1       614-3.35188E-06 1.16067E-06 1.08762E-06-4.17368E-08-5.81863E-09-3.15338E-08
 -1       615-3.08292E-06 8.80391E-07 9.48357E-07 1.56272E-07-2.76228E-08-1.86973E-08
 -1       616-3.36605E-06 1.14154E-06 1.11088E-06-4.47518E-08 4.83856E-09 1.29284E-08
 -1       617-3.42212E-06 1.06550E-06 1.28504E-06-1.03673E-07-5.04822E-08 3.06962E-08
 -1       618-2.95970E-06 9.30635E-07 7.50608E-07 2.14841E-07-4.75154E-08 1.60489E-08
 -1       619-3.27633E-06 1.09748E-06 1.04857E-06 3.79117E-09-8.51463E-10 2.97871E-09
 -1       620-3.29462E-06 1.08699E-06 1.08878E-06-8.47054E-09-1.68163E-09 1.79337E-09
 -1       621-3.29856E-06 1.08852E-06 1.08852E-06-4.59108E-15-1.87874E-15 2.40504E-15
 -1       622-3.29856E-06 1.08852E-06 1.08852E-06-7.25007E-16 3.41802E-16-4.64398E-15
 -1       623-3.29856E-06 1.08852E-06 1.08852E-06-9.49171E-15-5.56922E-16-9.06304E-15
 -1       624-3.29856E-06 1.08852E-06 1.08852E-06 5.99334E-15 1.12576E-14-2.46346E-14
 -1       625-3.29856E-06 1.08852E-06 1.08852E-06-7.77811E-15 2.47371E-15-6.20045E-15
 -1       626-3.29810E-06 1.08968E-06 1.08709E-06 1.15168E-09-5.85803E-12 1.88784E-10
 -1       627-3.29870E-06 1.08885E-06 1.08820E-06 1.09111E-09-4.84054E-10 8.68284E-10
 -1       628-3.29780E-06 1.08908E-06 1.08883E-06 6.06927E-09 7.88184E-10 1.37436E-09
 -1       629-3.29870E-06 1.08850E-06 1.08861E-06-1.46833E-10 1.42238E-10-6.26285E-12
 -1       630-3.29856E-06 1.08864E-06 1.08839E-06-8.81188E-11-3.11948E-11 4.76688E-11
 -1       631-3.29853E-06 1.08851E-06 1.08852E-06-2.43894E-11 2.53518E-11-1.41679E-11
 -1       632-3.27583E-06 1.08143E-06 1.08459E-06 1.60111E-08-2.46723E-09 1.60033E-08
 -1       633-3.28319E-06 1.07855E-06 1.11258E-06 5.50610E-08-6.87368E-10 1.10823E-08
 -1       634-3.26686E-06 1.08269E-06 1.07269E-06-1.35145E-09-6.33919E-09-2.85867E-09
 -1       635-3.29856E-06 1.08852E-06 1.08852E-06 5.84735E-16-2.10475E-16 6.03085E-16
 -1       636-3.29856E-06 1.08852E-06 1.08852E-06 2.63895E-16-1.32505E-15 5.95759E-15
 -1       637-3.27722E-06 1.08745E-06 1.07361E-06 2.28907E-08-1.01559E-09-3.87898E-09
 -1       638-3.28454E-06 1.08540E-06 1.08153E-06 7.69216E-10-9.98856E-10-6.11904E-09
 -1       639-3.29842E-06 1.09084E-06 1.08756E-06 6.61812E-09 1.89118E-10-2.00033E-09
 -1       640-3.29856E-06 1.08852E-06 1.08852E-06 1.27472E-16-8.89501E-16 1.61722E-16
 -1       641-3.29856E-06 1.08852E-06 1.08852E-06 1.71663E-15-1.02030E-15 3.61273E-15
 -1       642-3.29856E-06 1.08852E-06 1.08852E-06 8.00346E-15 2.79842E-15-5.90164E-15
 -1       643-3.29856E-06 1.08853E-06 1.08852E-06-1.93867E-12 6.04145E-12 8.74966E-12
 -1       644-3.29856E-06 1.08852E-06 1.08853E-06-1.35442E-11 2.93843E-12-9.65004E-14
 -1       645-3.29856E-06 1.08853E-06 1.08852E-06-4.81233E-12 5.57379E-12 9.51007E-13
 -1       646-3.29855E-06 1.08852E-06 1.08852E-06-6.09968E-14 7.03063E-14-4.79547E-14
 -1       647-3.29856E-06 1.08852E-06 1.08852E-06-9.38348E-14 2.09015E-13-1.17244E-14
 -1       648-3.29855E-06 1.08852E-06 1.08852E-06-2.21044E-13 5.84236E-13 3.05984E-13
 -1       649-3.29856E-06 1.08852E-06 1.08852E-06 2.64684E-14 9.26406E-14 1.04027E-13
 -1       650-3.29856E-06 1.08852E-06 1.08852E-06 1.86581E-13 1.30595E-13 6.04341E-13
 -1       651-3.29856E-06 1.08852E-06 1.08852E-06-3.01706E-14 4.40352E-14-1.67798E-14
 -1       652-3.29856E-06 1.08853E-06 1.08854E-06 6.65647E-12 1.37602E-11-3.62485E-12
 -1       653-3.29856E-06 1.08851E-06 1.08855E-06 1.29432E-11-4.83969E-12 3.59674E-12
 -1       654-3.29856E-06 1.08853E-06 1.08852E-06 3.52313E-12 6.22270E-12-1.34051E-12
 -1       655-3.29866E-06 1.08848E-06 1.08862E-06 9.76203E-11-7.78080E-11-3.42370E-11
 -1       656-3.29858E-06 1.08860E-06 1.08847E-06 8.62050E-11-3.28190E-11 1.25327E-11
 -1       657-3.29855E-06 1.08850E-06 1.08854E-06 1.66527E-11-1.72480E-11-5.06711E-12
 -1       658-3.29856E-06 1.08852E-06 1.08852E-06 1.23374E-14 2.04501E-14 6.76086E-15
 -1       659-3.29856E-06 1.08852E-06 1.08852E-06-4.74132E-15 1.30427E-14 2.05469E-14
 -1       660-3.29856E-06 1.08852E-06 1.08852E-06 6.21570E-15 1.06780E-15 3.41550E-15
 -1       661-3.29755E-06 1.08909E-06 1.08752E-06-1.26516E-09-1.90756E-10-2.92271E-10
 -1       662-3.29671E-06 1.08839E-06 1.08826E-06-2.21068E-09-7.82830E-13-1.05251E-09
 -1       663-3.29316E-06 1.08800E-06 1.08632E-06-8.82603E-09 1.35853E-09-3.74355E-09
 -1       664-3.29855E-06 1.08853E-06 1.08848E-06 1.66991E-13 5.06343E-12-2.17017E-12
 -1       665-3.29855E-06 1.08852E-06 1.08852E-06 7.34692E-12 6.53195E-12-8.85906E-12
 -1       666-3.29856E-06 1.08853E-06 1.08852E-06-5.83895E-13-4.14613E-13-1.58287E-12
 -1       667-3.29855E-06 1.08852E-06 1.08852E-06 1.84638E-12 7.01788E-13-1.03929E-12
 -1       668-3.29856E-06 1.08852E-06 1.08852E-06-1.32943E-13-1.76887E-13-3.88741E-13
 -1       669-3.29856E-06 1.08852E-06 1.08852E-06-8.40270E-15 1.31795E-14 1.10437E-14
 -1       670-3.29856E-06 1.08852E-06 1.08852E-06-1.34097E-16 5.25229E-15 1.95274E-14
 -1       671-3.29862E-06 1.08948E-06 1.08759E-06-1.25884E-09 1.78509E-10 2.92973E-10
 -1       672-3.29888E-06 1.08761E-06 1.09018E-06-9.40203E-10 2.80670E-10 7.61420E-10
 -1       673-3.29910E-06 1.08793E-06 1.08941E-06-1.21457E-09 7.39435E-11 4.11806E-10
 -1       674-3.29864E-06 1.08857E-06 1.08855E-06-1.41480E-10-2.55025E-10 1.39596E-10
 -1       675-3.29817E-06 1.08783E-06 1.08894E-06-9.12343E-10-5.56037E-11-1.01792E-10
 -1       676-3.29854E-06 1.08853E-06 1.08843E-06 1.52662E-11-6.48956E-11-4.18231E-12
 -1       677-3.29847E-06 1.08854E-06 1.08845E-06 2.96043E-11 3.78892E-11-4.14276E-12
 -1       678-3.29854E-06 1.08850E-06 1.08852E-06-2.48794E-11-4.13949E-11 2.04627E-11
 -1       679-3.29892E-06 1.08842E-06 1.08866E-06-9.23347E-10-1.30594E-10-1.25079E-10
 -1       680-3.29933E-06 1.08799E-06 1.09018E-06-4.82322E-11-6.66252E-13 2.30319E-10
 -1       681-3.29856E-06 1.08852E-06 1.08852E-06-1.77511E-14 2.02227E-14 1.06543E-14
 -1       682-3.29856E-06 1.08852E-06 1.08852E-06-1.89085E-14 4.35467E-14-1.38128E-14
 -1       683-3.29856E-06 1.08852E-06 1.08852E-06-3.32819E-16 1.35595E-15-2.32117E-15
 -1       684-3.29856E-06 1.08852E-06 1.08852E-06 7.64304E-16 1.48866E-15-2.91628E-15
 -1       685-3.29856E-06 1.08852E-06 1.08852E-06 3.58537E-16 2.47135E-15-1.85103E-15
 -1       686-3.29856E-06 1.08852E-06 1.08852E-06 4.04463E-16 1.95536E-15-2.31081E-15
 -1       687-3.28263E-06 1.08774E-06 1.07295E-06-1.94338E-09 2.99127E-09 6.34586E-09
 -1       688-3.27523E-06 1.08201E-06 1.10095E-06 6.63831E-08 7.85192E-09-1.67198E-09
 -1       689-3.27068E-06 1.08530E-06 1.07757E-06 4.01256E-09 2.19872E-09-1.23409E-08
 -1       690-3.29901E-06 1.08835E-06 1.08884E-06 9.78518E-10-2.42555E-10 2.49973E-10
 -1       691-3.29952E-06 1.08845E-06 1.08920E-06-5.38137E-11-7.14929E-11 1.53318E-10
 -1       692-3.29855E-06 1.08850E-06 1.08852E-06 2.30358E-12-1.65933E-11 4.79425E-13
 -1       693-3.29856E-06 1.08852E-06 1.08852E-06 2.61792E-14 5.03856E-14 4.01322E-14
 -1       694-3.29856E-06 1.08852E-06 1.08852E-06 8.47334E-14-6.40671E-14 1.91111E-14
 -1       695-3.29856E-06 1.08852E-06 1.08852E-06 6.22626E-14 5.00712E-14 8.45975E-14
 -1       696-3.29856E-06 1.08852E-06 1.08852E-06-4.76833E-14 4.38527E-14 6.04078E-14
 -1       697-3.29870E-06 1.08849E-06 1.08868E-06 1.70045E-10-2.53995E-11 1.14261E-10
 -1       698-3.29856E-06 1.08852E-06 1.08853E-06-1.31480E-12 2.26626E-12 8.40116E-14
 -1       699-3.29855E-06 1.08851E-06 1.08854E-06 1.25502E-11-9.48353E-13 3.22705E-12
 -1       700-3.29855E-06 1.08853E-06 1.08852E-06 1.62732E-12-3.05765E-12 2.42946E-12
 -1       701-3.29931E-06 1.08853E-06 1.08895E-06 1.22701E-09 4.33561E-11-1.42077E-10
 -1       702-3.29946E-06 1.08850E-06 1.08935E-06 1.42248E-10-1.73495E-10 2.33944E-10
 -1       703-3.29856E-06 1.08852E-06 1.08852E-06-1.23469E-15 2.73907E-14-2.67699E-15
 -1       704-3.29856E-06 1.08852E-06 1.08852E-06-2.39953E-17 3.59743E-16 4.12533E-17
 -1       705-3.29856E-06 1.08852E-06 1.08852E-06 4.54355E-17 8.90286E-16-1.72714E-16
 -1       706-3.29856E-06 1.08852E-06 1.08852E-06 2.38931E-17 2.55211E-16 6.84477E-17
 -1       707-3.29856E-06 1.08852E-06 1.08852E-06-3.94966E-16 9.10193E-16-3.32755E-16
 -1       708-3.25484E-06 1.01147E-06 1.02438E-06-1.93399E-07-8.06808E-08-3.41986E-08
 -1       709-3.36425E-06 1.14912E-06 1.22122E-06 9.95649E-08 1.06455E-07 2.34221E-08
 -1       710-3.29856E-06 1.08852E-06 1.08852E-06-1.30772E-13-2.17703E-14-3.77962E-14
 -1       711-3.29856E-06 1.08852E-06 1.08852E-06-3.02508E-15 3.63559E-16-3.11705E-14
 -1       712-3.29857E-06 1.08850E-06 1.08864E-06 1.63585E-10 1.80119E-10 1.66522E-10
 -1       713-3.29812E-06 1.08778E-06 1.08889E-06 4.83115E-10-1.05395E-11 1.11767E-11
 -1       714-3.29856E-06 1.08852E-06 1.08853E-06-1.51407E-13 4.70027E-12 2.01882E-12
 -1       715-3.29856E-06 1.08851E-06 1.08854E-06 4.38857E-12-2.69226E-12 8.36777E-13
 -1       716-3.29856E-06 1.08852E-06 1.08852E-06-6.69808E-15-1.67572E-14-2.29709E-14
 -1       717-3.29856E-06 1.08852E-06 1.08852E-06 7.96413E-14-4.02760E-15-1.93981E-14
 -1       718-3.29847E-06 1.08857E-06 1.08842E-06-2.30054E-13-4.10241E-11 1.28862E-11
 -1       719-3.29852E-06 1.08850E-06 1.08851E-06 2.00160E-11 3.71344E-11-1.17741E-12
 -1       720-3.29853E-06 1.08851E-06 1.08852E-06 2.11602E-11 2.56790E-11 3.15917E-11
 -1       721-3.29876E-06 1.08870E-06 1.08857E-06 1.59465E-10-2.84002E-10-1.91667E-10
 -1       722-3.29818E-06 1.08787E-06 1.08911E-06 9.79930E-10-2.39789E-10 8.48150E-11
 -1       723-3.29856E-06 1.08852E-06 1.08852E-06-1.82892E-13-7.86328E-13-1.87686E-14
 -1       724-3.29856E-06 1.08852E-06 1.08852E-06-3.45304E-13 4.67601E-15-4.75089E-13
 -1       725-3.29845E-06 1.08851E-06 1.08841E-06-1.35978E-11 4.30261E-11-2.09782E-11
 -1       726-3.29855E-06 1.08852E-06 1.08851E-06 1.75767E-11-4.36769E-11-4.09316E-12
 -1       727-3.29855E-06 1.08852E-06 1.08852E-06 1.22293E-12-3.70160E-13 3.57880E-14
 -1       728-3.29855E-06 1.08852E-06 1.08852E-06 9.34434E-14 2.88662E-13-3.70178E-13
 -1       729-3.29856E-06 1.08852E-06 1.08853E-06 3.21100E-13 3.17464E-12-3.21958E-12
 -1       730-3.29856E-06 1.08851E-06 1.08854E-06-4.30207E-12-1.46860E-12-6.54023E-13
 -1       731-3.29855E-06 1.08851E-06 1.08853E-06-2.48286E-12 2.48560E-12 1.61948E-12
 -1       732-3.29856E-06 1.08852E-06 1.08852E-06-2.20543E-12-3.00839E-12-2.10242E-12
 -1       733-3.29855E-06 1.08853E-06 1.08852E-06-2.73977E-12-1.66726E-12-3.03644E-12
 -1       734-3.29856E-06 1.08851E-06 1.08854E-06 3.34070E-12 7.98593E-13-3.26990E-12
 -1       735-3.29855E-06 1.08852E-06 1.08852E-06 2.81421E-12-7.71660E-12 8.05276E-13
 -1       736-3.29856E-06 1.08852E-06 1.08852E-06 3.42011E-14 2.31471E-14-4.17721E-14
 -1       737-3.29856E-06 1.08852E-06 1.08852E-06-1.58874E-13-2.61258E-14-2.68846E-14
 -1       738-3.29856E-06 1.08852E-06 1.08852E-06-6.60026E-16-1.96746E-14 8.71267E-15
 -1       739-3.29856E-06 1.08852E-06 1.08852E-06 1.25379E-14 1.58197E-14 2.83550E-14
 -1       740-3.29856E-06 1.08852E-06 1.08852E-06 1.99387E-13-4.04678E-15 7.12761E-14
 -1       741-3.29855E-06 1.08852E-06 1.08852E-06 2.20275E-13 4.32141E-13 7.33287E-14
 -1       742-3.29855E-06 1.08852E-06 1.08852E-06-1.29617E-12-2.08357E-13 3.30881E-13
 -1       743-3.29855E-06 1.08852E-06 1.08852E-06-9.24743E-14 2.77194E-13 1.80306E-13
 -1       744-3.29862E-06 1.08855E-06 1.08862E-06-1.02341E-10 1.58989E-10-1.63065E-10
 -1       745-3.29790E-06 1.08758E-06 1.08901E-06-6.09763E-10 2.82162E-11 1.12513E-10
 -1       746-3.29855E-06 1.08853E-06 1.08849E-06-1.14380E-11 3.12638E-11-8.70805E-12
 -1       747-3.29845E-06 1.08856E-06 1.08841E-06-6.56080E-13-2.18743E-11-2.68076E-11
 -1       748-3.29856E-06 1.08852E-06 1.08852E-06 7.59210E-13 1.67344E-13-3.98366E-14
 -1       749-3.29856E-06 1.08852E-06 1.08852E-06 3.65612E-14-3.30545E-13-2.32193E-13
 -1       750-2.99106E-06 9.88659E-07 7.62071E-07-2.23677E-07 1.14613E-07 6.02710E-08
 -1       751-3.29856E-06 1.08852E-06 1.08852E-06 1.16832E-17 1.84127E-16 1.51916E-16
 -1       752-3.29856E-06 1.08852E-06 1.08852E-06-1.79232E-15-4.52220E-15 4.12325E-16
 -1       753-3.29856E-06 1.08852E-06 1.08852E-06-2.44937E-14 7.86107E-16-3.37059E-15
 -1       754-3.32369E-06 1.11209E-06 1.08753E-06-1.09263E-08-1.70415E-09 3.38495E-10
 -1       755-3.29621E-06 1.09072E-06 1.08589E-06-4.67827E-09-1.12728E-09 2.43138E-10
 -1       756-3.29856E-06 1.08852E-06 1.08852E-06 2.35432E-14 4.22990E-15-8.08577E-15
 -1       757-3.29856E-06 1.08852E-06 1.08852E-06 3.22414E-15-3.03325E-15 1.38682E-15
 -1       758-3.32397E-06 1.11372E-06 1.08642E-06-9.36840E-09 2.14564E-09-3.35863E-11
 -1       759-3.29664E-06 1.09093E-06 1.08569E-06-3.99463E-09 1.13308E-09-2.10726E-10
 -1       760-3.29856E-06 1.08852E-06 1.08852E-06 2.47171E-14 1.23663E-15-1.25401E-15
 -1       761-3.29856E-06 1.08852E-06 1.08852E-06 3.07026E-16-3.24792E-15 2.28815E-15
 -1       762-3.32508E-06 1.11110E-06 1.08985E-06 1.17710E-08-2.05607E-09-7.52640E-10
 -1       763-3.29647E-06 1.09150E-06 1.08539E-06 3.41276E-09-5.94911E-10-2.20506E-10
 -1       764-3.32541E-06 1.11098E-06 1.09126E-06 1.04709E-08-3.72259E-10 8.34235E-10
 -1       765-3.29744E-06 1.09222E-06 1.08630E-06 3.28057E-09 6.91198E-10-1.00395E-10
 -1       766-3.29856E-06 1.08852E-06 1.08852E-06-1.86256E-15-2.36255E-15 1.51360E-15
 -1       767-3.29856E-06 1.08852E-06 1.08852E-06-2.75771E-14 4.59740E-15 5.42325E-15
 -1       768-3.29856E-06 1.08852E-06 1.08852E-06 1.56253E-15 1.23268E-16-1.06455E-16
 -1       769-3.29856E-06 1.08852E-06 1.08852E-06 5.54421E-16-4.19263E-16 4.13438E-16
 -1       770-3.29856E-06 1.08852E-06 1.08852E-06 9.79430E-16-5.89721E-17-8.89887E-17
 -1       771-3.30734E-06 1.02704E-06 1.07141E-06-2.91632E-08-2.48712E-08-2.86464E-08
 -1       772-3.39486E-06 9.97898E-07 1.25872E-06-5.86619E-08 9.01472E-09-3.31887E-08
 -1       773-3.45038E-06 1.14451E-06 1.15321E-06 8.84177E-09-8.18988E-08-5.87121E-08
 -1       774-3.29856E-06 1.08852E-06 1.08852E-06-5.94620E-16-4.15663E-16 7.43947E-16
 -1       775-3.29856E-06 1.08852E-06 1.08852E-06-1.53378E-15 1.47986E-16-2.89301E-17
 -1       776-3.29856E-06 1.08852E-06 1.08852E-06-8.24233E-16-4.49430E-18 1.34245E-16
 -1       777-3.41234E-06 1.12795E-06 1.14610E-06 2.76193E-08 8.38551E-08 6.73552E-08
 -1       778-3.39725E-06 1.00148E-06 1.25751E-06-5.11153E-08-7.66234E-09 3.08770E-08
 -1       779-3.31417E-06 1.03734E-06 1.07011E-06-1.66038E-08 2.78230E-08 2.35246E-08
 -1       780-3.29856E-06 1.08852E-06 1.08852E-06-5.52262E-16 3.59387E-17 7.18641E-17
 -1       781-3.29856E-06 1.08852E-06 1.08852E-06-3.23731E-16 1.01410E-17 1.91783E-16
 -1       782-3.29856E-06 1.08852E-06 1.08852E-06 3.29389E-16-5.50966E-17 1.54610E-16
 -1       783-3.29856E-06 1.08852E-06 1.08852E-06 5.68749E-16 3.68941E-17 8.02700E-17
 -1       784-3.08470E-06 5.13623E-07 1.22653E-06 3.45203E-07-4.72536E-08 6.65159E-08
 -1       785-2.92439E-06 4.12391E-07 1.18598E-06-3.65320E-10 1.34141E-08 1.55748E-07
 -1       786-3.06519E-06 5.11383E-07 1.22130E-06 3.43024E-07 4.90292E-08-6.35548E-08
 -1       787-2.92468E-06 4.11796E-07 1.18615E-06-3.52844E-09-1.26323E-08-1.58216E-07
 -1       788-3.29856E-06 1.08852E-06 1.08852E-06 6.84197E-17 5.00759E-16 1.05301E-16
 -1       789-3.29856E-06 1.08852E-06 1.08852E-06 1.59579E-16 9.24744E-16 2.14181E-16
 -1       790-3.29856E-06 1.08852E-06 1.08852E-06 6.84007E-18 1.69469E-16-1.77946E-16
 -1       791-2.93443E-06 9.80329E-07 7.47014E-07 1.83380E-07 5.40926E-08 2.92957E-09
 -1       792-3.29856E-06 1.08852E-06 1.08852E-06-8.52958E-17 1.55061E-15 5.94937E-16
 -1       793-3.27649E-06 1.08044E-06 1.09618E-06 2.10914E-09-2.75221E-09 4.48461E-09
 -1       794-3.29856E-06 1.08852E-06 1.08852E-06-6.45908E-16 2.91109E-15 2.73518E-15
 -1       795-3.46185E-06 1.23335E-06 1.35649E-06 1.63732E-07-1.54062E-07-4.78461E-08
 -1       796-2.92010E-06 9.94373E-07 5.99079E-07-1.80108E-07 2.41158E-09 4.96936E-08
 -1       797-3.29856E-06 1.08852E-06 1.08852E-06 1.83101E-13-8.93253E-14 6.06169E-14
 -1       798-3.29855E-06 1.08852E-06 1.08852E-06 6.79889E-14 2.12264E-13 9.17342E-14
 -1       799-3.29856E-06 1.08852E-06 1.08852E-06-1.46181E-13 1.59693E-13-1.04727E-13
 -1       800-3.29807E-06 1.08893E-06 1.08853E-06 1.63990E-09 3.01573E-10-1.09479E-09
 -1       801-3.29856E-06 1.08852E-06 1.08852E-06 3.05529E-15 1.15331E-14-2.11469E-14
 -1       802-3.29856E-06 1.08852E-06 1.08852E-06-6.51594E-14 9.32284E-14-6.84508E-14
 -1       803-3.29855E-06 1.08852E-06 1.08852E-06-2.41786E-13-1.52262E-12-9.37677E-13
 -1       804-3.29855E-06 1.08852E-06 1.08852E-06-1.09630E-12 6.53950E-13 4.40335E-13
 -1       805-3.29855E-06 1.08852E-06 1.08852E-06-1.07781E-12 9.87330E-14 7.73239E-13
 -1       806-3.29856E-06 1.08852E-06 1.08852E-06 1.51568E-13 1.30622E-12-5.24255E-13
 -1       807-3.29855E-06 1.08851E-06 1.08853E-06-1.26127E-11 5.53840E-12-2.97512E-12
 -1       808-3.29856E-06 1.08852E-06 1.08852E-06 1.85426E-13-8.79013E-13-1.03461E-12
 -1       809-3.29855E-06 1.08852E-06 1.08852E-06 1.65510E-12 2.51990E-13-5.90520E-14
 -1       810-3.29856E-06 1.08862E-06 1.08844E-06 9.96981E-11-9.01705E-11-6.88482E-11
 -1       811-3.33937E-06 1.10352E-06 1.11366E-06-1.95475E-08-5.21977E-09 3.88451E-09
 -1       812-3.29856E-06 1.08852E-06 1.08852E-06 5.88487E-15 2.59782E-15 1.41673E-15
 -1       813-3.29856E-06 1.08852E-06 1.08852E-06-2.91886E-16 1.18325E-15 1.71460E-15
 -1       814-3.29856E-06 1.08852E-06 1.08852E-06-6.26456E-15 1.79359E-15 7.96073E-16
 -1       815-3.33686E-06 1.10836E-06 1.11144E-06-2.27693E-08 6.00110E-09-8.45546E-09
 -1       816-3.33301E-06 1.11662E-06 1.09477E-06 2.55988E-08-1.03647E-08-4.65602E-09
 -1       817-3.32692E-06 1.12333E-06 1.08885E-06 3.08903E-08 1.34675E-08 1.33146E-08
 -1       818-3.29856E-06 1.08852E-06 1.08852E-06-4.57837E-15 8.79003E-16-1.14751E-15
 -1       819-3.29856E-06 1.08852E-06 1.08852E-06 4.73260E-15 4.39128E-16-7.83198E-16
 -1       820-3.29856E-06 1.08852E-06 1.08852E-06 8.39491E-16-1.24219E-16-8.52744E-17
 -1       821-3.29856E-06 1.08852E-06 1.08852E-06-9.07785E-16-7.11284E-17-2.35204E-16
 -1       822-3.36314E-06 1.00747E-06 1.38579E-06 7.13175E-09 7.29616E-08-1.47251E-07
 -1       823-3.38953E-06 1.01196E-06 1.39515E-06 1.68451E-08-6.82327E-08 1.49739E-07
 -1       824-3.29856E-06 1.08852E-06 1.08852E-06 7.63253E-16 1.49836E-16 2.13160E-17
 -1       825-3.00501E-06 6.21904E-07 1.25196E-06-1.86755E-07 3.89131E-08-5.86415E-08
 -1       826-3.29856E-06 1.08852E-06 1.08852E-06-7.32482E-16 8.42750E-17 4.96986E-17
 -1       827-3.03173E-06 6.40436E-07 1.25678E-06-1.78752E-07-3.71416E-08 5.66084E-08
 -1       828-3.29856E-06 1.08852E-06 1.08852E-06 5.55324E-15 2.11413E-15 8.54595E-16
 -1       829-3.35229E-06 1.13241E-06 1.09132E-06 3.98375E-09 1.39975E-09 1.29947E-09
 -1       830-3.29856E-06 1.08852E-06 1.08852E-06-5.57551E-15 2.13612E-15 6.84287E-17
 -1       831-3.35351E-06 1.13116E-06 1.09302E-06 3.88821E-10-4.97542E-10-1.24363E-09
 -1       832-3.29803E-06 1.08809E-06 1.08848E-06-1.48235E-10-6.79712E-11-1.96899E-11
 -1       833-3.29814E-06 1.08809E-06 1.08884E-06-5.57634E-10-2.74456E-11-3.41963E-10
 -1       834-3.29852E-06 1.08834E-06 1.08869E-06-1.34698E-11-5.65519E-12 7.25144E-11
 -1       835-3.29854E-06 1.08846E-06 1.08857E-06 3.85759E-12-3.34273E-12-1.60615E-11
 -1       836-3.29859E-06 1.08841E-06 1.08869E-06 1.92042E-11-1.91939E-12-8.65310E-11
 -1       837-3.29855E-06 1.08853E-06 1.08850E-06-8.02442E-12-1.67552E-12 1.01418E-11
 -1       838-3.29794E-06 1.08798E-06 1.08855E-06 1.42811E-10-3.51109E-11-2.92392E-12
 -1       839-3.29798E-06 1.08768E-06 1.08908E-06 9.66069E-11-1.41639E-10 3.96451E-10
 -1       840-3.29856E-06 1.08852E-06 1.08852E-06 8.54812E-13-1.28989E-13 9.25935E-14
 -1       841-3.29855E-06 1.08852E-06 1.08852E-06 2.07954E-12-6.49484E-13 8.24001E-13
 -1       842-3.29856E-06 1.08852E-06 1.08852E-06 1.15541E-13-1.36335E-13-9.46904E-14
 -1       843-3.29856E-06 1.08852E-06 1.08852E-06-3.75734E-13-2.61588E-13 2.08904E-13
 -1       844-3.29856E-06 1.08852E-06 1.08852E-06-2.09776E-13-1.03957E-13 2.52013E-14
 -1       845-3.29857E-06 1.08854E-06 1.08852E-06 3.42425E-12-3.87461E-12-9.19875E-12
 -1       846-3.29847E-06 1.08840E-06 1.08858E-06-1.57528E-11-1.34729E-11-1.11379E-11
 -1       847-3.29856E-06 1.08852E-06 1.08853E-06-8.70721E-13-6.28234E-13-7.47957E-13
 -1       848-3.29855E-06 1.08853E-06 1.08852E-06-3.06624E-12-1.24253E-12 2.22039E-12
 -1       849-3.29856E-06 1.08853E-06 1.08851E-06 9.87159E-13-7.33908E-13 3.67602E-13
 -1       850-3.29856E-06 1.08852E-06 1.08852E-06 9.93042E-14 1.40139E-14-1.58781E-14
 -1       851-3.29856E-06 1.08852E-06 1.08852E-06-1.12918E-13-1.08961E-14 1.45268E-14
 -1       852-3.29856E-06 1.08852E-06 1.08852E-06-6.47537E-15-2.80399E-14-3.70862E-15
 -1       853-3.29856E-06 1.08852E-06 1.08852E-06 1.88766E-15-2.98309E-14-2.28667E-15
 -1       854-3.29856E-06 1.08852E-06 1.08852E-06-9.99091E-18 2.04022E-15 2.99186E-15
 -1       855-3.29856E-06 1.08852E-06 1.08852E-06-9.24798E-14 5.75191E-13 8.48717E-13
 -1       856-3.29856E-06 1.08852E-06 1.08852E-06 9.41951E-15 4.13786E-14 4.26679E-14
 -1       857-3.29856E-06 1.08853E-06 1.08852E-06 3.65060E-12 8.46572E-13-1.57389E-12
 -1       858-3.29856E-06 1.08853E-06 1.08852E-06-3.87827E-12 1.28892E-12 8.58501E-13
 -1       859-3.29855E-06 1.08851E-06 1.08852E-06 5.22639E-12-1.25356E-11 2.22374E-11
 -1       860-3.29896E-06 1.08862E-06 1.08871E-06 6.03336E-10 1.73679E-10 2.19611E-10
 -1       861-3.29856E-06 1.08852E-06 1.08852E-06-5.88165E-15 1.92804E-13-5.26649E-13
 -1       862-3.29906E-06 1.08967E-06 1.08820E-06 4.09233E-09-8.83194E-10 1.76480E-09
 -1       863-3.29902E-06 1.08865E-06 1.08878E-06-6.77901E-10 8.79035E-11-8.85526E-11
 -1       864-3.29868E-06 1.08864E-06 1.08846E-06-9.74603E-11 5.90475E-12-3.39340E-11
 -1       865-3.29856E-06 1.08852E-06 1.08852E-06-4.64880E-15 5.55346E-15-1.21493E-14
 -1       866-3.25263E-06 1.06477E-06 1.07546E-06 2.69259E-08-1.85083E-08-4.65811E-09
 -1       867-3.29856E-06 1.08852E-06 1.08852E-06 2.68260E-16 1.85889E-15-3.45187E-15
 -1       868-3.29856E-06 1.08852E-06 1.08852E-06 1.13695E-14 3.58855E-14-4.95917E-14
 -1       869-3.29855E-06 1.08852E-06 1.08848E-06 4.33342E-12-7.06760E-12 9.06247E-12
 -1       870-3.38027E-06 1.13568E-06 1.14520E-06-7.46642E-08-1.53091E-08 1.71710E-08
 -1       871-3.29429E-06 1.08728E-06 1.08666E-06-4.23817E-09 7.18908E-11 1.49770E-09
 -1       872-3.29856E-06 1.08852E-06 1.08852E-06 5.36975E-15 2.61601E-16 3.83457E-15
 -1       873-3.29864E-06 1.08843E-06 1.08879E-06-9.90295E-11 5.49125E-11-8.45374E-11
 -1       874-3.29862E-06 1.09022E-06 1.08706E-06 1.06632E-09 2.49783E-10-6.52328E-10
 -1       875-3.29856E-06 1.08852E-06 1.08852E-06 6.08394E-16 2.11984E-15-3.51727E-16
 -1       876-3.27993E-06 1.07984E-06 1.08997E-06-1.70162E-08 1.60332E-09-1.06207E-08
 -1       877-3.29856E-06 1.08852E-06 1.08852E-06 1.12521E-14 2.07975E-14-1.04466E-15
 -1       878-3.29856E-06 1.08852E-06 1.08852E-06-9.92586E-14 8.68311E-14 4.11363E-14
 -1       879-3.27785E-06 1.03689E-06 1.02766E-06-1.69480E-07 7.81293E-08 3.94649E-08
 -1       880-3.29855E-06 1.08852E-06 1.08854E-06-5.63119E-12-2.91374E-12-8.31937E-12
 -1       881-3.29855E-06 1.08852E-06 1.08852E-06 6.02480E-13 2.04647E-13 6.29902E-13
 -1       882-3.29856E-06 1.08852E-06 1.08853E-06 3.08026E-13 4.22899E-13-2.63917E-13
 -1       883-3.29865E-06 1.08857E-06 1.08844E-06 1.04436E-10 2.09420E-10-2.10651E-11
 -1       884-3.29855E-06 1.08852E-06 1.08852E-06 2.87212E-13 1.18910E-12 6.96447E-13
 -1       885-3.29856E-06 1.08852E-06 1.08852E-06 6.42379E-18-6.14968E-17 3.14999E-16
 -1       886-3.07603E-06 8.66891E-07 9.82130E-07 1.69821E-07 6.15245E-08-1.05104E-09
 -1       887-3.29856E-06 1.08852E-06 1.08852E-06 4.47963E-17-3.61209E-17 2.69968E-16
 -1       888-3.29855E-06 1.08852E-06 1.08852E-06 9.08863E-15 3.55254E-15-1.16203E-13
 -3
    1PSTEP                         4           1           1          
  100CL  101 1.000000000         888                     0    1           1
 -4  ERROR       1    1
 -5  STR(%)      1    1    0    0
 -1         1 8.82235E-09
 -1         2 1.17213E-08
 -1         3 1.75815E-08
 -1         4 1.50220E-08
 -1         5 1.25322E-08
 -1         6 2.40241E-08
 -1         7 2.35487E-08
 -1         8 1.25805E-08
 -1         9 7.57573E+00
 -1        10 7.57573E+00
 -1        11 8.63274E+00
 -1        12 8.63274E+00
 -1        13 8.63274E+00
 -1        14 7.57573E+00
 -1        15 6.49495E+00
 -1        16 7.22158E+00
 -1        17 1.02718E-08
 -1        18 4.40683E-09
 -1        19 6.61459E-09
 -1        20 1.09942E-08
 -1        21 4.70391E-09
 -1        22 8.21260E-09
 -1        23 9.86297E-09
 -1        24 1.63018E-08
 -1        25 1.82781E-08
 -1        26 2.37864E-08
 -1        27 1.80646E-08
 -1        28 1.25563E-08
 -1        29 7.57573E+00
 -1        30 1.67389E+00
 -1        31 3.86816E-01
 -1        32 3.85039E-02
 -1        33 1.69762E-03
 -1        34 2.66466E-04
 -1        35 9.92403E-05
 -1        36 5.31411E-06
 -1        37 6.21157E-07
 -1        38 1.21580E-07
 -1        39 4.62481E+00
 -1        40 1.03035E+00
 -1        41 2.12660E-01
 -1        42 2.01008E-02
 -1        43 9.82042E-04
 -1        44 1.82853E-04
 -1        45 5.22772E-05
 -1        46 2.96763E-06
 -1        47 3.71369E-07
 -1        48 6.52013E-08
 -1        49 1.61751E+00
 -1        50 4.11621E-01
 -1        51 4.18640E-02
 -1        52 3.50390E-03
 -1        53 9.66710E-04
 -1        54 7.40958E-05
 -1        55 9.95453E-06
 -1        56 6.17360E-07
 -1        57 1.21580E-07
 -1        58 4.59662E+00
 -1        59 1.01457E+00
 -1        60 2.26742E-01
 -1        61 2.26839E-02
 -1        62 2.23530E-03
 -1        63 5.20403E-04
 -1        64 4.20252E-05
 -1        65 5.28594E-06
 -1        66 3.69470E-07
 -1        67 6.66507E-08
 -1        68 1.65969E-07
 -1        69 7.30439E-07
 -1        70 3.71489E-06
 -1        71 2.89518E-05
 -1        72 2.66994E-04
 -1        73 4.09324E-03
 -1        74 4.18124E-02
 -1        75 4.33372E-01
 -1        76 4.91263E+00
 -1        77 9.17754E-08
 -1        78 4.48204E-07
 -1        79 2.22267E-06
 -1        80 1.63334E-05
 -1        81 1.47973E-04
 -1        82 2.18012E-03
 -1        83 2.29528E-02
 -1        84 2.37592E-01
 -1        85 2.67300E+00
 -1        86 6.77268E+00
 -1        87 5.52124E+00
 -1        88 7.07699E+00
 -1        89 6.54848E+00
 -1        90 1.67537E-07
 -1        91 7.19201E-07
 -1        92 4.86026E-06
 -1        93 2.97442E-05
 -1        94 3.02636E-04
 -1        95 3.59701E-03
 -1        96 4.39518E-02
 -1        97 5.10857E-01
 -1        98 4.72839E+00
 -1        99 9.12797E-08
 -1       100 4.43369E-07
 -1       101 2.78973E-06
 -1       102 1.73022E-05
 -1       103 1.66190E-04
 -1       104 1.94982E-03
 -1       105 2.37744E-02
 -1       106 2.77404E-01
 -1       107 2.61963E+00
 -1       108 6.68057E+00
 -1       109 5.81443E+00
 -1       110 7.22359E+00
 -1       111 6.69508E+00
 -1       112 8.63274E+00
 -1       113 9.85411E-08
 -1       114 1.15808E-06
 -1       115 1.15771E-05
 -1       116 6.12604E-05
 -1       117 5.26021E-04
 -1       118 6.95355E-03
 -1       119 3.07678E-02
 -1       120 5.49600E-01
 -1       121 3.31174E+00
 -1       122 5.55366E-08
 -1       123 6.28309E-07
 -1       124 6.36758E-06
 -1       125 3.64188E-05
 -1       126 2.93641E-04
 -1       127 3.73979E-03
 -1       128 1.88607E-02
 -1       129 2.90184E-01
 -1       130 1.93067E+00
 -1       131 5.97224E+00
 -1       132 8.10423E+00
 -1       133 4.59423E+00
 -1       134 4.63979E-01
 -1       135 3.20531E-02
 -1       136 3.67822E-03
 -1       137 8.87137E-04
 -1       138 5.16432E-05
 -1       139 3.68403E-06
 -1       140 1.26485E-06
 -1       141 2.75052E-07
 -1       142 6.08498E+00
 -1       143 2.52911E+00
 -1       144 2.48016E-01
 -1       145 1.78657E-02
 -1       146 2.28268E-03
 -1       147 4.69390E-04
 -1       148 2.76636E-05
 -1       149 2.47444E-06
 -1       150 7.69949E-07
 -1       151 1.49538E-07
 -1       152 7.03534E+00
 -1       153 4.59423E+00
 -1       154 4.11621E-01
 -1       155 3.24796E-02
 -1       156 4.18274E-03
 -1       157 3.34997E-04
 -1       158 3.33065E-05
 -1       159 4.37358E-06
 -1       160 8.49955E-07
 -1       161 2.63696E-07
 -1       162 5.54459E+00
 -1       163 2.50293E+00
 -1       164 2.22050E-01
 -1       165 1.83312E-02
 -1       166 2.25887E-03
 -1       167 1.84152E-04
 -1       168 1.88400E-05
 -1       169 2.61177E-06
 -1       170 5.56826E-07
 -1       171 1.43623E-07
 -1       172 6.85826E+00
 -1       173 1.04497E-07
 -1       174 1.58598E-06
 -1       175 6.58588E-06
 -1       176 9.26742E-05
 -1       177 5.40077E-04
 -1       178 3.59701E-03
 -1       179 3.91082E-02
 -1       180 3.65192E-01
 -1       181 3.31174E+00
 -1       182 5.85389E-08
 -1       183 8.45240E-07
 -1       184 4.08593E-06
 -1       185 4.96300E-05
 -1       186 3.16375E-04
 -1       187 2.06854E-03
 -1       188 2.13526E-02
 -1       189 2.02150E-01
 -1       190 1.83846E+00
 -1       191 5.26666E+00
 -1       192 7.92716E+00
 -1       193 1.64232E-08
 -1       194 1.78727E-08
 -1       195 1.42154E-08
 -1       196 1.76350E-08
 -1       197 1.41263E-08
 -1       198 1.37771E-08
 -1       199 1.50569E-08
 -1       200 8.46951E-09
 -1       201 1.38013E-08
 -1       202 8.64220E-09
 -1       203 7.57573E+00
 -1       204 3.40278E-03
 -1       205 6.47154E-02
 -1       206 5.27796E-01
 -1       207 1.40260E-08
 -1       208 1.21580E-07
 -1       209 1.17603E-04
 -1       210 6.61896E-06
 -1       211 5.41040E-07
 -1       212 3.37877E-04
 -1       213 1.28737E-08
 -1       214 1.14242E-08
 -1       215 6.78031E-08
 -1       216 6.78031E-08
 -1       217 7.57573E+00
 -1       218 7.57573E+00
 -1       219 4.62481E+00
 -1       220 4.59662E+00
 -1       221 4.57306E-01
 -1       222 1.10084E+00
 -1       223 1.64570E+00
 -1       224 1.07265E+00
 -1       225 5.16096E-02
 -1       226 2.25766E-01
 -1       227 3.99218E-01
 -1       228 2.38168E-01
 -1       229 4.69708E-01
 -1       230 2.55020E-03
 -1       231 2.09533E-02
 -1       232 4.01839E-02
 -1       233 2.26334E-02
 -1       234 5.32897E-02
 -1       235 3.02172E-04
 -1       236 1.01775E-03
 -1       237 2.60076E-03
 -1       238 3.45334E-03
 -1       239 1.92089E-03
 -1       240 1.08421E-04
 -1       241 1.92034E-04
 -1       242 6.16588E-04
 -1       243 5.42156E-04
 -1       244 6.52293E-04
 -1       245 5.96654E-06
 -1       246 5.29296E-05
 -1       247 8.66681E-05
 -1       248 9.58492E-05
 -1       249 4.03574E-05
 -1       250 5.81098E-07
 -1       251 2.92758E-06
 -1       252 7.63432E-06
 -1       253 8.28674E-06
 -1       254 5.24778E-06
 -1       255 1.21580E-07
 -1       256 3.71369E-07
 -1       257 6.19258E-07
 -1       258 3.69470E-07
 -1       259 5.79200E-07
 -1       260 1.21580E-07
 -1       261 1.21580E-07
 -1       262 1.42191E-03
 -1       263 1.28530E-02
 -1       264 1.94369E-04
 -1       265 2.89518E-05
 -1       266 1.85093E-01
 -1       267 3.03446E-06
 -1       268 5.84547E-01
 -1       269 6.64861E-07
 -1       270 9.53865E-08
 -1       271 5.52124E+00
 -1       272 5.21044E-08
 -1       273 4.98966E-08
 -1       274 1.08483E-07
 -1       275 5.64840E-08
 -1       276 1.30678E-07
 -1       277 6.54848E+00
 -1       278 3.59756E+00
 -1       279 5.52124E+00
 -1       280 5.21693E+00
 -1       281 7.07699E+00
 -1       282 1.12922E+00
 -1       283 4.85681E-01
 -1       284 3.05289E+00
 -1       285 2.85955E-01
 -1       286 1.11798E-01
 -1       287 3.84820E-01
 -1       288 2.56785E-02
 -1       289 7.27533E-03
 -1       290 9.89730E-02
 -1       291 1.55977E-03
 -1       292 8.44190E-04
 -1       293 7.13747E-03
 -1       294 2.30418E-04
 -1       295 1.46805E-04
 -1       296 8.08141E-04
 -1       297 6.40961E-05
 -1       298 1.71330E-05
 -1       299 1.11660E-04
 -1       300 4.17429E-06
 -1       301 1.82781E-06
 -1       302 1.59931E-05
 -1       303 6.43009E-07
 -1       304 3.93221E-07
 -1       305 1.84966E-06
 -1       306 3.80124E-07
 -1       307 4.15415E-07
 -1       308 6.97650E-07
 -1       309 1.88245E-06
 -1       310 3.37468E-06
 -1       311 1.63334E-05
 -1       312 2.89518E-05
 -1       313 1.11660E-04
 -1       314 2.30681E-04
 -1       315 8.44454E-04
 -1       316 2.75758E-03
 -1       317 8.47314E-03
 -1       318 2.73327E-02
 -1       319 1.13453E-01
 -1       320 3.09233E-01
 -1       321 5.08959E-01
 -1       322 2.74859E+00
 -1       323 1.81603E-03
 -1       324 1.01490E-02
 -1       325 2.32143E-04
 -1       326 3.33065E-05
 -1       327 1.75375E-01
 -1       328 3.95198E-06
 -1       329 5.81064E-01
 -1       330 6.42930E-07
 -1       331 9.29750E-08
 -1       332 5.81443E+00
 -1       333 4.88394E-08
 -1       334 5.23481E-08
 -1       335 1.07278E-07
 -1       336 5.39985E-08
 -1       337 1.30256E-07
 -1       338 3.71597E+00
 -1       339 6.69508E+00
 -1       340 5.81443E+00
 -1       341 7.22359E+00
 -1       342 5.27141E+00
 -1       343 4.96342E-01
 -1       344 1.09929E+00
 -1       345 3.19775E+00
 -1       346 1.08620E-01
 -1       347 2.93498E-01
 -1       348 3.78219E-01
 -1       349 6.82645E-03
 -1       350 2.60065E-02
 -1       351 9.27621E-02
 -1       352 1.39137E-03
 -1       353 2.65997E-03
 -1       354 5.98252E-03
 -1       355 1.53120E-04
 -1       356 5.99427E-04
 -1       357 1.02409E-03
 -1       358 2.16305E-05
 -1       359 5.37012E-05
 -1       360 1.32725E-04
 -1       361 2.28467E-06
 -1       362 6.95325E-06
 -1       363 1.86292E-05
 -1       364 3.82255E-07
 -1       365 6.30145E-07
 -1       366 2.29745E-06
 -1       367 3.67952E-07
 -1       368 6.81065E-07
 -1       369 4.05233E-07
 -1       370 4.40612E-06
 -1       371 2.33559E-06
 -1       372 3.15253E-05
 -1       373 1.90834E-05
 -1       374 2.67389E-04
 -1       375 1.30944E-04
 -1       376 2.70652E-03
 -1       377 1.05933E-03
 -1       378 2.70504E-02
 -1       379 6.87301E-03
 -1       380 3.43116E-01
 -1       381 1.09663E-01
 -1       382 2.65473E+00
 -1       383 5.45960E-01
 -1       384 2.59262E-08
 -1       385 1.43281E-05
 -1       386 6.54777E-07
 -1       387 1.35314E-07
 -1       388 8.63274E+00
 -1       389 1.21973E+00
 -1       390 4.96139E-04
 -1       391 4.09324E-03
 -1       392 9.34765E-02
 -1       393 8.80193E-05
 -1       394 2.17539E-08
 -1       395 2.04741E-08
 -1       396 9.59477E-08
 -1       397 9.67317E-08
 -1       398 8.63274E+00
 -1       399 8.63274E+00
 -1       400 6.77268E+00
 -1       401 6.68057E+00
 -1       402 4.32877E-07
 -1       403 1.50642E-07
 -1       404 1.66753E-07
 -1       405 1.51426E-07
 -1       406 2.18484E-06
 -1       407 6.92608E-07
 -1       408 7.24820E-07
 -1       409 6.86989E-07
 -1       410 4.27257E-07
 -1       411 2.16399E-05
 -1       412 9.02148E-06
 -1       413 4.28758E-06
 -1       414 9.59416E-06
 -1       415 2.75752E-06
 -1       416 1.77507E-04
 -1       417 5.84855E-05
 -1       418 2.93480E-05
 -1       419 2.20361E-05
 -1       420 5.88817E-05
 -1       421 2.29469E-03
 -1       422 3.81566E-04
 -1       423 2.84815E-04
 -1       424 3.99387E-04
 -1       425 1.95327E-04
 -1       426 2.29528E-02
 -1       427 4.09324E-03
 -1       428 3.84513E-03
 -1       429 2.04657E-03
 -1       430 3.84513E-03
 -1       431 2.63424E-01
 -1       432 6.76445E-02
 -1       433 4.28821E-02
 -1       434 2.40225E-02
 -1       435 6.87141E-02
 -1       436 3.06618E+00
 -1       437 8.26551E-01
 -1       438 4.72115E-01
 -1       439 8.65293E-01
 -1       440 3.02167E-01
 -1       441 4.82051E+00
 -1       442 2.97406E+00
 -1       443 2.40241E-08
 -1       444 4.85355E+00
 -1       445 1.41640E-05
 -1       446 1.30847E-02
 -1       447 2.15714E-04
 -1       448 1.99489E-03
 -1       449 6.47266E-08
 -1       450 4.13274E-01
 -1       451 1.93569E-06
 -1       452 3.20531E-02
 -1       453 1.82781E-08
 -1       454 2.40241E-08
 -1       455 6.12826E-08
 -1       456 1.49538E-07
 -1       457 6.21464E+00
 -1       458 6.74315E+00
 -1       459 4.08264E+00
 -1       460 4.72389E+00
 -1       461 6.11402E-07
 -1       462 8.16338E-08
 -1       463 1.86797E-07
 -1       464 1.69890E-07
 -1       465 6.75638E-06
 -1       466 1.54689E-06
 -1       467 1.21146E-06
 -1       468 6.64787E-07
 -1       469 1.60027E-06
 -1       470 3.77122E-05
 -1       471 1.28706E-05
 -1       472 8.04986E-06
 -1       473 3.70867E-04
 -1       474 1.38487E-04
 -1       475 1.14939E-04
 -1       476 4.47422E-03
 -1       477 1.26045E-03
 -1       478 1.10530E-03
 -1       479 2.19263E-02
 -1       480 1.00191E-02
 -1       481 7.53981E-03
 -1       482 2.90826E-01
 -1       483 3.14105E-02
 -1       484 2.25689E-02
 -1       485 1.86250E+00
 -1       486 4.81437E-01
 -1       487 5.06789E-01
 -1       488 4.38627E-01
 -1       489 2.48016E-01
 -1       490 3.95298E+00
 -1       491 2.50375E+00
 -1       492 3.20531E-02
 -1       493 8.38148E-03
 -1       494 2.25689E-02
 -1       495 1.44101E-03
 -1       496 2.83655E-03
 -1       497 1.33679E-04
 -1       498 5.51426E-04
 -1       499 8.92403E-06
 -1       500 3.29036E-05
 -1       501 2.80986E-06
 -1       502 1.49301E-07
 -1       503 2.69374E-07
 -1       504 5.54459E+00
 -1       505 4.59423E+00
 -1       506 2.52911E+00
 -1       507 4.37800E-01
 -1       508 2.21837E-01
 -1       509 1.81179E-02
 -1       510 3.93048E-03
 -1       511 3.22663E-02
 -1       512 2.53494E-03
 -1       513 6.11067E-04
 -1       514 1.93320E-04
 -1       515 4.24749E-05
 -1       516 1.84953E-05
 -1       517 4.02881E-06
 -1       518 2.81921E-06
 -1       519 1.05740E-06
 -1       520 5.62504E-07
 -1       521 2.35487E-08
 -1       522 4.72839E+00
 -1       523 1.81154E-03
 -1       524 1.90743E-04
 -1       525 1.02364E-02
 -1       526 2.41003E-05
 -1       527 3.38051E-01
 -1       528 8.54992E-08
 -1       529 3.91082E-02
 -1       530 1.76009E-06
 -1       531 2.35487E-08
 -1       532 1.80646E-08
 -1       533 1.43623E-07
 -1       534 6.40230E-08
 -1       535 5.97499E+00
 -1       536 5.61167E+00
 -1       537 4.66131E+00
 -1       538 4.02007E+00
 -1       539 2.46614E+00
 -1       540 3.74836E-01
 -1       541 3.95298E+00
 -1       542 1.82489E+00
 -1       543 2.25364E-01
 -1       544 3.57939E-02
 -1       545 3.88406E-01
 -1       546 3.51622E-01
 -1       547 2.02150E-01
 -1       548 2.13580E-02
 -1       549 7.20959E-03
 -1       550 2.46723E-02
 -1       551 2.99714E-03
 -1       552 1.07327E-03
 -1       553 6.02399E-03
 -1       554 2.62870E-04
 -1       555 1.12025E-04
 -1       556 1.00114E-03
 -1       557 2.87034E-05
 -1       558 1.42369E-05
 -1       559 1.07422E-04
 -1       560 3.06684E-06
 -1       561 1.30502E-06
 -1       562 1.29302E-05
 -1       563 4.67727E-07
 -1       564 1.74598E-07
 -1       565 1.21797E-06
 -1       566 8.35741E-07
 -1       567 1.67304E-06
 -1       568 1.84097E-07
 -1       569 9.49983E-08
 -1       570 4.17299E-06
 -1       571 1.53431E-05
 -1       572 5.83872E-05
 -1       573 1.41709E-04
 -1       574 3.65410E-04
 -1       575 1.17581E-03
 -1       576 2.70428E-03
 -1       577 6.91672E-03
 -1       578 2.46723E-02
 -1       579 3.91082E-02
 -1       580 5.85148E-08
 -1       581 1.01519E-07
 -1       582 5.97224E+00
 -1       583 3.31174E+00
 -1       584 8.42262E-07
 -1       585 1.37203E-06
 -1       586 3.87198E-06
 -1       587 9.08148E-06
 -1       588 5.21256E-05
 -1       589 7.69673E-05
 -1       590 3.00669E-04
 -1       591 5.33049E-04
 -1       592 2.06152E-03
 -1       593 5.27528E-03
 -1       594 2.30309E-02
 -1       595 3.49380E-02
 -1       596 1.97980E-01
 -1       597 4.57396E-01
 -1       598 1.93067E+00
 -1       599 7.57573E+00
 -1       600 7.57573E+00
 -1       601 6.54848E+00
 -1       602 7.03534E+00
 -1       603 6.15469E+00
 -1       604 8.63274E+00
 -1       605 8.63274E+00
 -1       606 7.07699E+00
 -1       607 7.92716E+00
 -1       608 6.51801E+00
 -1       609 4.40528E-07
 -1       610 1.92638E-07
 -1       611 1.92638E-07
 -1       612 1.87255E+00
 -1       613 2.26573E+00
 -1       614 4.11218E+00
 -1       615 5.97499E+00
 -1       616 4.02007E+00
 -1       617 5.97224E+00
 -1       618 7.92716E+00
 -1       619 8.84665E-01
 -1       620 4.91486E-01
 -1       621 7.33657E-07
 -1       622 4.85768E-07
 -1       623 3.22312E-06
 -1       624 1.12038E-06
 -1       625 1.15259E-06
 -1       626 2.51241E-01
 -1       627 2.64347E-01
 -1       628 4.25397E-01
 -1       629 2.30234E-02
 -1       630 3.79276E-03
 -1       631 3.84332E-03
 -1       632 2.49053E+00
 -1       633 3.13406E+00
 -1       634 2.56101E+00
 -1       635 8.76760E-07
 -1       636 8.60648E-07
 -1       637 1.01457E+00
 -1       638 4.69708E-01
 -1       639 4.11621E-01
 -1       640 6.62024E-07
 -1       641 6.46696E-07
 -1       642 9.44258E-07
 -1       643 2.06854E-03
 -1       644 5.18108E-04
 -1       645 4.21356E-04
 -1       646 2.16305E-05
 -1       647 1.99627E-05
 -1       648 5.37012E-05
 -1       649 2.84787E-05
 -1       650 7.54418E-05
 -1       651 2.91311E-05
 -1       652 1.29238E-03
 -1       653 6.12507E-04
 -1       654 5.76802E-04
 -1       655 2.37744E-02
 -1       656 3.84513E-03
 -1       657 3.59701E-03
 -1       658 3.28948E-06
 -1       659 9.02943E-07
 -1       660 9.43002E-07
 -1       661 2.04572E-01
 -1       662 2.29334E-01
 -1       663 4.38025E-01
 -1       664 2.57472E-03
 -1       665 2.26031E-03
 -1       666 1.97655E-04
 -1       667 9.03467E-05
 -1       668 6.12092E-05
 -1       669 5.40224E-06
 -1       670 6.95498E-07
 -1       671 2.95706E-01
 -1       672 3.21538E-01
 -1       673 3.71718E-02
 -1       674 2.13143E-02
 -1       675 1.03927E-01
 -1       676 2.68792E-03
 -1       677 8.26562E-03
 -1       678 2.55006E-03
 -1       679 3.52785E-02
 -1       680 4.83842E-02
 -1       681 3.62033E-06
 -1       682 5.72307E-06
 -1       683 1.36017E-07
 -1       684 1.19906E-07
 -1       685 1.16928E-07
 -1       686 1.32255E-07
 -1       687 4.95887E-01
 -1       688 3.10587E+00
 -1       689 2.56101E+00
 -1       690 4.15300E-02
 -1       691 6.62924E-02
 -1       692 2.04657E-03
 -1       693 4.49907E-06
 -1       694 5.15150E-06
 -1       695 5.49627E-06
 -1       696 7.16405E-06
 -1       697 2.16007E-02
 -1       698 3.14048E-04
 -1       699 3.36437E-04
 -1       700 6.50853E-04
 -1       701 3.62901E-02
 -1       702 6.21222E-02
 -1       703 2.45731E-06
 -1       704 5.80613E-08
 -1       705 6.22336E-08
 -1       706 5.97597E-08
 -1       707 6.52118E-08
 -1       708 6.08498E+00
 -1       709 6.08498E+00
 -1       710 1.63179E-05
 -1       711 3.35924E-06
 -1       712 2.46286E-02
 -1       713 1.07242E-01
 -1       714 3.86110E-04
 -1       715 1.17806E-03
 -1       716 4.16278E-06
 -1       717 1.88400E-05
 -1       718 9.90329E-03
 -1       719 5.52340E-03
 -1       720 4.18773E-03
 -1       721 2.18104E-02
 -1       722 1.07930E-01
 -1       723 4.02975E-05
 -1       724 1.23006E-04
 -1       725 6.87301E-03
 -1       726 2.70652E-03
 -1       727 1.32725E-04
 -1       728 3.33065E-05
 -1       729 5.40753E-04
 -1       730 1.15453E-03
 -1       731 9.73967E-04
 -1       732 3.60195E-04
 -1       733 3.96507E-04
 -1       734 1.07552E-03
 -1       735 2.83570E-04
 -1       736 7.64598E-06
 -1       737 2.02644E-05
 -1       738 7.30577E-06
 -1       739 5.26893E-06
 -1       740 1.99462E-05
 -1       741 4.51061E-05
 -1       742 1.27815E-04
 -1       743 4.51061E-05
 -1       744 2.24531E-02
 -1       745 1.08573E-01
 -1       746 2.99939E-03
 -1       747 7.16588E-03
 -1       748 1.62409E-04
 -1       749 6.29903E-05
 -1       750 7.03534E+00
 -1       751 1.92292E-08
 -1       752 9.64854E-07
 -1       753 2.14965E-06
 -1       754 4.73128E-01
 -1       755 2.70284E-01
 -1       756 2.40097E-06
 -1       757 7.46443E-07
 -1       758 5.67073E-01
 -1       759 3.67346E-01
 -1       760 2.76898E-06
 -1       761 1.11446E-06
 -1       762 5.24263E-01
 -1       763 3.24536E-01
 -1       764 4.96342E-01
 -1       765 2.93498E-01
 -1       766 9.11470E-07
 -1       767 2.09627E-06
 -1       768 5.82618E-08
 -1       769 1.78336E-07
 -1       770 9.87362E-08
 -1       771 4.41649E+00
 -1       772 5.18739E+00
 -1       773 5.05773E+00
 -1       774 1.85219E-07
 -1       775 5.97053E-08
 -1       776 9.69638E-08
 -1       777 5.20433E+00
 -1       778 5.27141E+00
 -1       779 4.56308E+00
 -1       780 1.42154E-08
 -1       781 1.64232E-08
 -1       782 1.76350E-08
 -1       783 1.41263E-08
 -1       784 6.74315E+00
 -1       785 5.18739E+00
 -1       786 6.68057E+00
 -1       787 5.27141E+00
 -1       788 1.90251E-08
 -1       789 1.44539E-07
 -1       790 1.87874E-08
 -1       791 8.63274E+00
 -1       792 1.38861E-07
 -1       793 2.26573E+00
 -1       794 1.98316E-07
 -1       795 6.08498E+00
 -1       796 7.57573E+00
 -1       797 5.35011E-05
 -1       798 3.77942E-05
 -1       799 1.29526E-05
 -1       800 2.38168E-01
 -1       801 9.06428E-07
 -1       802 1.04570E-05
 -1       803 2.26300E-04
 -1       804 8.46229E-05
 -1       805 7.54545E-05
 -1       806 5.02370E-04
 -1       807 5.11080E-04
 -1       808 3.07020E-04
 -1       809 7.46398E-05
 -1       810 5.52340E-03
 -1       811 1.94814E+00
 -1       812 4.53313E-07
 -1       813 1.98316E-07
 -1       814 4.69957E-07
 -1       815 1.94640E+00
 -1       816 2.58765E+00
 -1       817 2.58939E+00
 -1       818 3.81701E-07
 -1       819 3.73714E-07
 -1       820 7.25644E-08
 -1       821 7.28021E-08
 -1       822 4.88309E+00
 -1       823 4.72839E+00
 -1       824 5.27777E-08
 -1       825 6.54848E+00
 -1       826 5.39593E-08
 -1       827 6.15469E+00
 -1       828 3.64214E-07
 -1       829 4.98911E-01
 -1       830 3.64794E-07
 -1       831 4.59557E-01
 -1       832 9.28058E-02
 -1       833 1.07242E-01
 -1       834 1.01927E-02
 -1       835 7.42396E-03
 -1       836 1.29689E-02
 -1       837 1.70840E-03
 -1       838 9.90889E-02
 -1       839 1.08573E-01
 -1       840 1.28122E-04
 -1       841 2.11443E-04
 -1       842 2.87034E-05
 -1       843 1.22333E-04
 -1       844 2.15579E-05
 -1       845 1.81379E-03
 -1       846 6.02624E-03
 -1       847 2.05042E-04
 -1       848 8.18814E-04
 -1       849 1.02184E-03
 -1       850 1.75333E-05
 -1       851 1.54438E-05
 -1       852 2.48508E-06
 -1       853 2.85604E-06
 -1       854 1.92638E-07
 -1       855 6.62734E-05
 -1       856 4.84385E-06
 -1       857 3.00732E-04
 -1       858 4.14328E-04
 -1       859 3.84513E-03
 -1       860 4.04603E-02
 -1       861 4.55023E-05
 -1       862 4.37800E-01
 -1       863 3.69585E-02
 -1       864 1.77279E-02
 -1       865 9.38639E-07
 -1       866 3.13406E+00
 -1       867 1.35233E-07
 -1       868 5.15039E-06
 -1       869 2.94018E-03
 -1       870 4.11218E+00
 -1       871 5.30228E-01
 -1       872 7.35556E-07
 -1       873 1.68754E-02
 -1       874 2.26742E-01
 -1       875 4.48105E-07
 -1       876 1.91130E+00
 -1       877 2.43649E-06
 -1       878 1.81650E-05
 -1       879 6.08498E+00
 -1       880 2.30963E-03
 -1       881 2.04546E-04
 -1       882 4.93189E-04
 -1       883 2.43830E-02
 -1       884 1.64127E-04
 -1       885 7.25644E-08
 -1       886 6.77268E+00
 -1       887 7.28021E-08
 -1       888 2.02644E-05
 -3
 9999
